2.000000 0.000000 -18.000000 0.000000 0.000000 0.000000 -0.000000 1.000000 -0.000000 0.000000 0.000000 0.000000 0.000000 0.000000 0.000000 0.000000
1.999375 0.049979 -18.000625 0.000000 0.000000 0.000000 -0.024997 0.998750 -0.024997 0.000000 0.000000 0.000000 0.000000 0.000000 0.000000 0.000000
1.997501 0.099833 -18.002499 0.000000 0.000000 0.000000 -0.049979 0.995004 -0.049979 0.000000 0.000000 0.000000 0.000000 0.000000 0.000000 0.000000
1.994378 0.149438 -18.005622 0.000000 0.000000 0.000000 -0.074930 0.988771 -0.074930 0.000000 0.000000 0.000000 0.000000 0.000000 0.000000 0.000000
1.990008 0.198669 -18.009992 0.000000 0.000000 0.000000 -0.099833 0.980067 -0.099833 0.000000 0.000000 0.000000 0.000000 0.000000 0.000000 0.000000
1.984395 0.247404 -18.015605 0.000000 0.000000 0.000000 -0.124675 0.968912 -0.124675 0.000000 0.000000 0.000000 0.000000 0.000000 0.000000 0.000000
1.977542 0.295520 -18.022458 0.000000 0.000000 0.000000 -0.149438 0.955336 -0.149438 0.000000 0.000000 0.000000 0.000000 0.000000 0.000000 0.000000
1.969453 0.342898 -18.030547 0.000000 0.000000 0.000000 -0.174108 0.939373 -0.174108 0.000000 0.000000 0.000000 0.000000 0.000000 0.000000 0.000000
1.960133 0.389418 -18.039867 0.000000 0.000000 0.000000 -0.198669 0.921061 -0.198669 0.000000 0.000000 0.000000 0.000000 0.000000 0.000000 0.000000
1.949588 0.434966 -18.050412 0.000000 0.000000 0.000000 -0.223106 0.900447 -0.223106 0.000000 0.000000 0.000000 0.000000 0.000000 0.000000 0.000000
1.937825 0.479426 -18.062175 0.000000 0.000000 0.000000 -0.247404 0.877583 -0.247404 0.000000 0.000000 0.000000 0.000000 0.000000 0.000000 0.000000
1.924850 0.522687 -18.075150 0.000000 0.000000 0.000000 -0.271547 0.852525 -0.271547 0.000000 0.000000 0.000000 0.000000 0.000000 0.000000 0.000000
1.910673 0.564642 -18.089327 0.000000 0.000000 0.000000 -0.295520 0.825336 -0.295520 0.000000 0.000000 0.000000 0.000000 0.000000 0.000000 0.000000
1.895301 0.605186 -18.104699 0.000000 0.000000 0.000000 -0.319309 0.796084 -0.319309 0.000000 0.000000 0.000000 0.000000 0.000000 0.000000 0.000000
1.878745 0.644218 -18.121255 0.000000 0.000000 0.000000 -0.342898 0.764842 -0.342898 0.000000 0.000000 0.000000 0.000000 0.000000 0.000000 0.000000
1.861015 0.681639 -18.138985 0.000000 0.000000 0.000000 -0.366273 0.731689 -0.366273 0.000000 0.000000 0.000000 0.000000 0.000000 0.000000 0.000000
1.842122 0.717356 -18.157878 0.000000 0.000000 0.000000 -0.389418 0.696707 -0.389418 0.000000 0.000000 0.000000 0.000000 0.000000 0.000000 0.000000
1.822077 0.751280 -18.177923 0.000000 0.000000 0.000000 -0.412321 0.659983 -0.412321 0.000000 0.000000 0.000000 0.000000 0.000000 0.000000 0.000000
1.800894 0.783327 -18.199106 0.000000 0.000000 0.000000 -0.434966 0.621610 -0.434966 0.000000 0.000000 0.000000 0.000000 0.000000 0.000000 0.000000
1.778585 0.813416 -18.221415 0.000000 0.000000 0.000000 -0.457338 0.581683 -0.457338 0.000000 0.000000 0.000000 0.000000 0.000000 0.000000 0.000000
1.755165 0.841471 -18.244835 0.000000 0.000000 0.000000 -0.479426 0.540302 -0.479426 0.000000 0.000000 0.000000 0.000000 0.000000 0.000000 0.000000
1.730648 0.867423 -18.269352 0.000000 0.000000 0.000000 -0.501213 0.497571 -0.501213 0.000000 0.000000 0.000000 0.000000 0.000000 0.000000 0.000000
1.705049 0.891207 -18.294951 0.000000 0.000000 0.000000 -0.522687 0.453596 -0.522687 0.000000 0.000000 0.000000 0.000000 0.000000 0.000000 0.000000
1.678385 0.912764 -18.321615 0.000000 0.000000 0.000000 -0.543835 0.408487 -0.543835 0.000000 0.000000 0.000000 0.000000 0.000000 0.000000 0.000000
1.650671 0.932039 -18.349329 0.000000 0.000000 0.000000 -0.564642 0.362358 -0.564642 0.000000 0.000000 0.000000 0.000000 0.000000 0.000000 0.000000
1.621926 0.948985 -18.378074 0.000000 0.000000 0.000000 -0.585097 0.315322 -0.585097 0.000000 0.000000 0.000000 0.000000 0.000000 0.000000 0.000000
1.592168 0.963558 -18.407832 0.000000 0.000000 0.000000 -0.605186 0.267499 -0.605186 0.000000 0.000000 0.000000 0.000000 0.000000 0.000000 0.000000
1.561414 0.975723 -18.438586 0.000000 0.000000 0.000000 -0.624897 0.219007 -0.624897 0.000000 0.000000 0.000000 0.000000 0.000000 0.000000 0.000000
1.529684 0.985450 -18.470316 0.000000 0.000000 0.000000 -0.644218 0.169967 -0.644218 0.000000 0.000000 0.000000 0.000000 0.000000 0.000000 0.000000
1.496999 0.992713 -18.503001 0.000000 0.000000 0.000000 -0.663135 0.120503 -0.663135 0.000000 0.000000 0.000000 0.000000 0.000000 0.000000 0.000000
1.463378 0.997495 -18.536622 0.000000 0.000000 0.000000 -0.681639 0.070737 -0.681639 0.000000 0.000000 0.000000 0.000000 0.000000 0.000000 0.000000
1.428842 0.999784 -18.571158 0.000000 0.000000 0.000000 -0.699716 0.020795 -0.699716 0.000000 0.000000 0.000000 0.000000 0.000000 0.000000 0.000000
1.393413 0.999574 -18.606587 0.000000 0.000000 0.000000 -0.717356 -0.029200 -0.717356 0.000000 0.000000 0.000000 0.000000 0.000000 0.000000 0.000000
1.357114 0.996865 -18.642886 0.000000 0.000000 0.000000 -0.734548 -0.079121 -0.734548 0.000000 0.000000 0.000000 0.000000 0.000000 0.000000 0.000000
1.319966 0.991665 -18.680034 0.000000 0.000000 0.000000 -0.751280 -0.128844 -0.751280 0.000000 0.000000 0.000000 0.000000 0.000000 0.000000 0.000000
1.281994 0.983986 -18.718006 0.000000 0.000000 0.000000 -0.767544 -0.178246 -0.767544 0.000000 0.000000 0.000000 0.000000 0.000000 0.000000 0.000000
1.243220 0.973848 -18.756780 0.000000 0.000000 0.000000 -0.783327 -0.227202 -0.783327 0.000000 0.000000 0.000000 0.000000 0.000000 0.000000 0.000000
1.203669 0.961275 -18.796331 0.000000 0.000000 0.000000 -0.798621 -0.275590 -0.798621 0.000000 0.000000 0.000000 0.000000 0.000000 0.000000 0.000000
1.163366 0.946300 -18.836634 0.000000 0.000000 0.000000 -0.813416 -0.323290 -0.813416 0.000000 0.000000 0.000000 0.000000 0.000000 0.000000 0.000000
1.122336 0.928960 -18.877664 0.000000 0.000000 0.000000 -0.827702 -0.370181 -0.827702 0.000000 0.000000 0.000000 0.000000 0.000000 0.000000 0.000000
1.080605 0.909297 -18.919395 0.000000 0.000000 0.000000 -0.841471 -0.416147 -0.841471 0.000000 0.000000 0.000000 0.000000 0.000000 0.000000 0.000000
1.038198 0.887362 -18.961802 0.000000 0.000000 0.000000 -0.854714 -0.461073 -0.854714 0.000000 0.000000 0.000000 0.000000 0.000000 0.000000 0.000000
0.995142 0.863209 -19.004858 0.000000 0.000000 0.000000 -0.867423 -0.504846 -0.867423 0.000000 0.000000 0.000000 0.000000 0.000000 0.000000 0.000000
0.951464 0.836899 -19.048536 0.000000 0.000000 0.000000 -0.879590 -0.547358 -0.879590 0.000000 0.000000 0.000000 0.000000 0.000000 0.000000 0.000000
0.907192 0.808496 -19.092808 0.000000 0.000000 0.000000 -0.891207 -0.588501 -0.891207 0.000000 0.000000 0.000000 0.000000 0.000000 0.000000 0.000000
0.862353 0.778073 -19.137647 0.000000 0.000000 0.000000 -0.902268 -0.628174 -0.902268 0.000000 0.000000 0.000000 0.000000 0.000000 0.000000 0.000000
0.816975 0.745705 -19.183025 0.000000 0.000000 0.000000 -0.912764 -0.666276 -0.912764 0.000000 0.000000 0.000000 0.000000 0.000000 0.000000 0.000000
0.771086 0.711473 -19.228914 0.000000 0.000000 0.000000 -0.922690 -0.702713 -0.922690 0.000000 0.000000 0.000000 0.000000 0.000000 0.000000 0.000000
0.724716 0.675463 -19.275284 0.000000 0.000000 0.000000 -0.932039 -0.737394 -0.932039 0.000000 0.000000 0.000000 0.000000 0.000000 0.000000 0.000000
0.677892 0.637765 -19.322108 0.000000 0.000000 0.000000 -0.940806 -0.770231 -0.940806 0.000000 0.000000 0.000000 0.000000 0.000000 0.000000 0.000000
0.630645 0.598472 -19.369355 0.000000 0.000000 0.000000 -0.948985 -0.801144 -0.948985 0.000000 0.000000 0.000000 0.000000 0.000000 0.000000 0.000000
0.583003 0.557684 -19.416997 0.000000 0.000000 0.000000 -0.956570 -0.830054 -0.956570 0.000000 0.000000 0.000000 0.000000 0.000000 0.000000 0.000000
0.534998 0.515501 -19.465002 0.000000 0.000000 0.000000 -0.963558 -0.856889 -0.963558 0.000000 0.000000 0.000000 0.000000 0.000000 0.000000 0.000000
0.486658 0.472031 -19.513342 0.000000 0.000000 0.000000 -0.969944 -0.881582 -0.969944 0.000000 0.000000 0.000000 0.000000 0.000000 0.000000 0.000000
0.438013 0.427380 -19.561987 0.000000 0.000000 0.000000 -0.975723 -0.904072 -0.975723 0.000000 0.000000 0.000000 0.000000 0.000000 0.000000 0.000000
0.389095 0.381661 -19.610905 0.000000 0.000000 0.000000 -0.980893 -0.924302 -0.980893 0.000000 0.000000 0.000000 0.000000 0.000000 0.000000 0.000000
0.339934 0.334988 -19.660066 0.000000 0.000000 0.000000 -0.985450 -0.942222 -0.985450 0.000000 0.000000 0.000000 0.000000 0.000000 0.000000 0.000000
0.290561 0.287478 -19.709439 0.000000 0.000000 0.000000 -0.989391 -0.957787 -0.989391 0.000000 0.000000 0.000000 0.000000 0.000000 0.000000 0.000000
0.241006 0.239249 -19.758994 0.000000 0.000000 0.000000 -0.992713 -0.970958 -0.992713 0.000000 0.000000 0.000000 0.000000 0.000000 0.000000 0.000000
0.191300 0.190423 -19.808700 0.000000 0.000000 0.000000 -0.995415 -0.981702 -0.995415 0.000000 0.000000 0.000000 0.000000 0.000000 0.000000 0.000000
0.141474 0.141120 -19.858526 0.000000 0.000000 0.000000 -0.997495 -0.989992 -0.997495 0.000000 0.000000 0.000000 0.000000 0.000000 0.000000 0.000000
0.091561 0.091465 -19.908439 0.000000 0.000000 0.000000 -0.998952 -0.995808 -0.998952 0.000000 0.000000 0.000000 0.000000 0.000000 0.000000 0.000000
0.041590 0.041581 -19.958410 0.000000 0.000000 0.000000 -0.999784 -0.999135 -0.999784 0.000000 0.000000 0.000000 0.000000 0.000000 0.000000 0.000000
-0.008407 -0.008407 -20.008407 0.000000 0.000000 0.000000 -0.999991 -0.999965 -0.999991 0.000000 0.000000 0.000000 0.000000 0.000000 0.000000 0.000000
-0.058399 -0.058374 -20.058399 0.000000 0.000000 0.000000 -0.999574 -0.998295 -0.999574 0.000000 0.000000 0.000000 0.000000 0.000000 0.000000 0.000000
-0.108354 -0.108195 -20.108354 0.000000 0.000000 0.000000 -0.998531 -0.994130 -0.998531 0.000000 0.000000 0.000000 0.000000 0.000000 0.000000 0.000000
-0.158242 -0.157746 -20.158242 0.000000 0.000000 0.000000 -0.996865 -0.987480 -0.996865 0.000000 0.000000 0.000000 0.000000 0.000000 0.000000 0.000000
-0.208030 -0.206902 -20.208030 0.000000 0.000000 0.000000 -0.994576 -0.978362 -0.994576 0.000000 0.000000 0.000000 0.000000 0.000000 0.000000 0.000000
-0.257689 -0.255541 -20.257689 0.000000 0.000000 0.000000 -0.991665 -0.966798 -0.991665 0.000000 0.000000 0.000000 0.000000 0.000000 0.000000 0.000000
-0.307187 -0.303542 -20.307187 0.000000 0.000000 0.000000 -0.988134 -0.952818 -0.988134 0.000000 0.000000 0.000000 0.000000 0.000000 0.000000 0.000000
-0.356492 -0.350783 -20.356492 0.000000 0.000000 0.000000 -0.983986 -0.936457 -0.983986 0.000000 0.000000 0.000000 0.000000 0.000000 0.000000 0.000000
-0.405575 -0.397148 -20.405575 0.000000 0.000000 0.000000 -0.979223 -0.917755 -0.979223 0.000000 0.000000 0.000000 0.000000 0.000000 0.000000 0.000000
-0.454404 -0.442520 -20.454404 0.000000 0.000000 0.000000 -0.973848 -0.896758 -0.973848 0.000000 0.000000 0.000000 0.000000 0.000000 0.000000 0.000000
-0.502950 -0.486787 -20.502950 0.000000 0.000000 0.000000 -0.967864 -0.873521 -0.967864 0.000000 0.000000 0.000000 0.000000 0.000000 0.000000 0.000000
-0.551180 -0.529836 -20.551180 0.000000 0.000000 0.000000 -0.961275 -0.848100 -0.961275 0.000000 0.000000 0.000000 0.000000 0.000000 0.000000 0.000000
-0.599067 -0.571561 -20.599067 0.000000 0.000000 0.000000 -0.954086 -0.820559 -0.954086 0.000000 0.000000 0.000000 0.000000 0.000000 0.000000 0.000000
-0.646579 -0.611858 -20.646579 0.000000 0.000000 0.000000 -0.946300 -0.790968 -0.946300 0.000000 0.000000 0.000000 0.000000 0.000000 0.000000 0.000000
-0.693687 -0.650625 -20.693687 0.000000 0.000000 0.000000 -0.937923 -0.759399 -0.937923 0.000000 0.000000 0.000000 0.000000 0.000000 0.000000 0.000000
-0.740362 -0.687766 -20.740362 0.000000 0.000000 0.000000 -0.928960 -0.725932 -0.928960 0.000000 0.000000 0.000000 0.000000 0.000000 0.000000 0.000000
-0.786573 -0.723188 -20.786573 0.000000 0.000000 0.000000 -0.919416 -0.690651 -0.919416 0.000000 0.000000 0.000000 0.000000 0.000000 0.000000 0.000000
-0.832294 -0.756802 -20.832294 0.000000 0.000000 0.000000 -0.909297 -0.653644 -0.909297 0.000000 0.000000 0.000000 0.000000 0.000000 0.000000 0.000000
-0.877494 -0.788525 -20.877494 0.000000 0.000000 0.000000 -0.898611 -0.615002 -0.898611 0.000000 0.000000 0.000000 0.000000 0.000000 0.000000 0.000000
-0.922145 -0.818277 -20.922145 0.000000 0.000000 0.000000 -0.887362 -0.574824 -0.887362 0.000000 0.000000 0.000000 0.000000 0.000000 0.000000 0.000000
-0.966221 -0.845984 -20.966221 0.000000 0.000000 0.000000 -0.875559 -0.533209 -0.875559 0.000000 0.000000 0.000000 0.000000 0.000000 0.000000 0.000000
-1.009692 -0.871576 -21.009692 0.000000 0.000000 0.000000 -0.863209 -0.490261 -0.863209 0.000000 0.000000 0.000000 0.000000 0.000000 0.000000 0.000000
-1.052533 -0.894989 -21.052533 0.000000 0.000000 0.000000 -0.850320 -0.446087 -0.850320 0.000000 0.000000 0.000000 0.000000 0.000000 0.000000 0.000000
-1.094715 -0.916166 -21.094715 0.000000 0.000000 0.000000 -0.836899 -0.400799 -0.836899 0.000000 0.000000 0.000000 0.000000 0.000000 0.000000 0.000000
-1.136214 -0.935053 -21.136214 0.000000 0.000000 0.000000 -0.822955 -0.354509 -0.822955 0.000000 0.000000 0.000000 0.000000 0.000000 0.000000 0.000000
-1.177002 -0.951602 -21.177002 0.000000 0.000000 0.000000 -0.808496 -0.307333 -0.808496 0.000000 0.000000 0.000000 0.000000 0.000000 0.000000 0.000000
-1.217055 -0.965773 -21.217055 0.000000 0.000000 0.000000 -0.793533 -0.259389 -0.793533 0.000000 0.000000 0.000000 0.000000 0.000000 0.000000 0.000000
-1.256347 -0.977530 -21.256347 0.000000 0.000000 0.000000 -0.778073 -0.210796 -0.778073 0.000000 0.000000 0.000000 0.000000 0.000000 0.000000 0.000000
-1.294854 -0.986844 -21.294854 0.000000 0.000000 0.000000 -0.762127 -0.161676 -0.762127 0.000000 0.000000 0.000000 0.000000 0.000000 0.000000 0.000000
-1.332552 -0.993691 -21.332552 0.000000 0.000000 0.000000 -0.745705 -0.112153 -0.745705 0.000000 0.000000 0.000000 0.000000 0.000000 0.000000 0.000000
-1.369417 -0.998054 -21.369417 0.000000 0.000000 0.000000 -0.728817 -0.062349 -0.728817 0.000000 0.000000 0.000000 0.000000 0.000000 0.000000 0.000000
-1.405426 -0.999923 -21.405426 0.000000 0.000000 0.000000 -0.711473 -0.012389 -0.711473 0.000000 0.000000 0.000000 0.000000 0.000000 0.000000 0.000000
-1.440557 -0.999293 -21.440557 0.000000 0.000000 0.000000 -0.693685 0.037602 -0.693685 0.000000 0.000000 0.000000 0.000000 0.000000 0.000000 0.000000
-1.474787 -0.996165 -21.474787 0.000000 0.000000 0.000000 -0.675463 0.087499 -0.675463 0.000000 0.000000 0.000000 0.000000 0.000000 0.000000 0.000000
-1.508096 -0.990547 -21.508096 0.000000 0.000000 0.000000 -0.656819 0.137177 -0.656819 0.000000 0.000000 0.000000 0.000000 0.000000 0.000000 0.000000
-1.540463 -0.982453 -21.540463 0.000000 0.000000 0.000000 -0.637765 0.186512 -0.637765 0.000000 0.000000 0.000000 0.000000 0.000000 0.000000 0.000000
-1.571866 -0.971903 -21.571866 0.000000 0.000000 0.000000 -0.618312 0.235381 -0.618312 0.000000 0.000000 0.000000 0.000000 0.000000 0.000000 0.000000
-1.602287 -0.958924 -21.602287 0.000000 0.000000 0.000000 -0.598472 0.283662 -0.598472 0.000000 0.000000 0.000000 0.000000 0.000000 0.000000 0.000000
-1.631707 -0.943549 -21.631707 0.000000 0.000000 0.000000 -0.578259 0.331234 -0.578259 0.000000 0.000000 0.000000 0.000000 0.000000 0.000000 0.000000
-1.660107 -0.925815 -21.660107 0.000000 0.000000 0.000000 -0.557684 0.377978 -0.557684 0.000000 0.000000 0.000000 0.000000 0.000000 0.000000 0.000000
-1.687470 -0.905767 -21.687470 0.000000 0.000000 0.000000 -0.536760 0.423777 -0.536760 0.000000 0.000000 0.000000 0.000000 0.000000 0.000000 0.000000
-1.713778 -0.883455 -21.713778 0.000000 0.000000 0.000000 -0.515501 0.468517 -0.515501 0.000000 0.000000 0.000000 0.000000 0.000000 0.000000 0.000000
-1.739014 -0.858934 -21.739014 0.000000 0.000000 0.000000 -0.493920 0.512085 -0.493920 0.000000 0.000000 0.000000 0.000000 0.000000 0.000000 0.000000
-1.763164 -0.832267 -21.763164 0.000000 0.000000 0.000000 -0.472031 0.554374 -0.472031 0.000000 0.000000 0.000000 0.000000 0.000000 0.000000 0.000000
-1.786213 -0.803520 -21.786213 0.000000 0.000000 0.000000 -0.449846 0.595278 -0.449846 0.000000 0.000000 0.000000 0.000000 0.000000 0.000000 0.000000
-1.808144 -0.772764 -21.808144 0.000000 0.000000 0.000000 -0.427380 0.634693 -0.427380 0.000000 0.000000 0.000000 0.000000 0.000000 0.000000 0.000000
-1.828946 -0.740077 -21.828946 0.000000 0.000000 0.000000 -0.404647 0.672522 -0.404647 0.000000 0.000000 0.000000 0.000000 0.000000 0.000000 0.000000
-1.848605 -0.705540 -21.848605 0.000000 0.000000 0.000000 -0.381661 0.708670 -0.381661 0.000000 0.000000 0.000000 0.000000 0.000000 0.000000 0.000000
-1.867108 -0.669240 -21.867108 0.000000 0.000000 0.000000 -0.358437 0.743046 -0.358437 0.000000 0.000000 0.000000 0.000000 0.000000 0.000000 0.000000
-1.884445 -0.631267 -21.884445 0.000000 0.000000 0.000000 -0.334988 0.775566 -0.334988 0.000000 0.000000 0.000000 0.000000 0.000000 0.000000 0.000000
-1.900603 -0.591716 -21.900603 0.000000 0.000000 0.000000 -0.311330 0.806147 -0.311330 0.000000 0.000000 0.000000 0.000000 0.000000 0.000000 0.000000
-1.915574 -0.550686 -21.915574 0.000000 0.000000 0.000000 -0.287478 0.834713 -0.287478 0.000000 0.000000 0.000000 0.000000 0.000000 0.000000 0.000000
-1.929348 -0.508279 -21.929348 0.000000 0.000000 0.000000 -0.263446 0.861192 -0.263446 0.000000 0.000000 0.000000 0.000000 0.000000 0.000000 0.000000
-1.941916 -0.464602 -21.941916 0.000000 0.000000 0.000000 -0.239249 0.885520 -0.239249 0.000000 0.000000 0.000000 0.000000 0.000000 0.000000 0.000000
-1.953271 -0.419764 -21.953271 0.000000 0.000000 0.000000 -0.214903 0.907633 -0.214903 0.000000 0.000000 0.000000 0.000000 0.000000 0.000000 0.000000
-1.963404 -0.373877 -21.963404 0.000000 0.000000 0.000000 -0.190423 0.927478 -0.190423 0.000000 0.000000 0.000000 0.000000 0.000000 0.000000 0.000000
-1.972311 -0.327055 -21.972311 0.000000 0.000000 0.000000 -0.165823 0.945005 -0.165823 0.000000 0.000000 0.000000 0.000000 0.000000 0.000000 0.000000
-1.979985 -0.279415 -21.979985 0.000000 0.000000 0.000000 -0.141120 0.960170 -0.141120 0.000000 0.000000 0.000000 0.000000 0.000000 0.000000 0.000000
-1.986422 -0.231078 -21.986422 0.000000 0.000000 0.000000 -0.116329 0.972935 -0.116329 0.000000 0.000000 0.000000 0.000000 0.000000 0.000000 0.000000
-1.991617 -0.182163 -21.991617 0.000000 0.000000 0.000000 -0.091465 0.983268 -0.091465 0.000000 0.000000 0.000000 0.000000 0.000000 0.000000 0.000000
-1.995567 -0.132792 -21.995567 0.000000 0.000000 0.000000 -0.066543 0.991144 -0.066543 0.000000 0.000000 0.000000 0.000000 0.000000 0.000000 0.000000
-1.998270 -0.083089 -21.998270 0.000000 0.000000 0.000000 -0.041581 0.996542 -0.041581 0.000000 0.000000 0.000000 0.000000 0.000000 0.000000 0.000000
-1.999725 -0.033179 -21.999725 0.000000 0.000000 0.000000 -0.016592 0.999449 -0.016592 0.000000 0.000000 0.000000 0.000000 0.000000 0.000000 0.000000
-1.999929 0.016814 -21.999929 0.000000 0.000000 0.000000 0.008407 0.999859 0.008407 0.000000 0.000000 0.000000 0.000000 0.000000 0.000000 0.000000
-1.998884 0.066765 -21.998884 0.000000 0.000000 0.000000 0.033401 0.997769 0.033401 0.000000 0.000000 0.000000 0.000000 0.000000 0.000000 0.000000
-1.996590 0.116549 -21.996590 0.000000 0.000000 0.000000 0.058374 0.993185 0.058374 0.000000 0.000000 0.000000 0.000000 0.000000 0.000000 0.000000
-1.993047 0.166042 -21.993047 0.000000 0.000000 0.000000 0.083311 0.986119 0.083311 0.000000 0.000000 0.000000 0.000000 0.000000 0.000000 0.000000
-1.988259 0.215120 -21.988259 0.000000 0.000000 0.000000 0.108195 0.976588 0.108195 0.000000 0.000000 0.000000 0.000000 0.000000 0.000000 0.000000
-1.982229 0.263660 -21.982229 0.000000 0.000000 0.000000 0.133012 0.964616 0.133012 0.000000 0.000000 0.000000 0.000000 0.000000 0.000000 0.000000
-1.974960 0.311541 -21.974960 0.000000 0.000000 0.000000 0.157746 0.950233 0.157746 0.000000 0.000000 0.000000 0.000000 0.000000 0.000000 0.000000
-1.966456 0.358644 -21.966456 0.000000 0.000000 0.000000 0.182381 0.933474 0.182381 0.000000 0.000000 0.000000 0.000000 0.000000 0.000000 0.000000
-1.956723 0.404850 -21.956723 0.000000 0.000000 0.000000 0.206902 0.914383 0.206902 0.000000 0.000000 0.000000 0.000000 0.000000 0.000000 0.000000
-1.945768 0.450044 -21.945768 0.000000 0.000000 0.000000 0.231294 0.893006 0.231294 0.000000 0.000000 0.000000 0.000000 0.000000 0.000000 0.000000
-1.933596 0.494113 -21.933596 0.000000 0.000000 0.000000 0.255541 0.869397 0.255541 0.000000 0.000000 0.000000 0.000000 0.000000 0.000000 0.000000
-1.920216 0.536948 -21.920216 0.000000 0.000000 0.000000 0.279629 0.843616 0.279629 0.000000 0.000000 0.000000 0.000000 0.000000 0.000000 0.000000
-1.905636 0.578440 -21.905636 0.000000 0.000000 0.000000 0.303542 0.815725 0.303542 0.000000 0.000000 0.000000 0.000000 0.000000 0.000000 0.000000
-1.889865 0.618486 -21.889865 0.000000 0.000000 0.000000 0.327265 0.785796 0.327265 0.000000 0.000000 0.000000 0.000000 0.000000 0.000000 0.000000
-1.872913 0.656987 -21.872913 0.000000 0.000000 0.000000 0.350783 0.753902 0.350783 0.000000 0.000000 0.000000 0.000000 0.000000 0.000000 0.000000
-1.854791 0.693845 -21.854791 0.000000 0.000000 0.000000 0.374083 0.720124 0.374083 0.000000 0.000000 0.000000 0.000000 0.000000 0.000000 0.000000
-1.835509 0.728969 -21.835509 0.000000 0.000000 0.000000 0.397148 0.684547 0.397148 0.000000 0.000000 0.000000 0.000000 0.000000 0.000000 0.000000
-1.815080 0.762271 -21.815080 0.000000 0.000000 0.000000 0.419966 0.647258 0.419966 0.000000 0.000000 0.000000 0.000000 0.000000 0.000000 0.000000
-1.793517 0.793668 -21.793517 0.000000 0.000000 0.000000 0.442520 0.608351 0.442520 0.000000 0.000000 0.000000 0.000000 0.000000 0.000000 0.000000
-1.770833 0.823081 -21.770833 0.000000 0.000000 0.000000 0.464799 0.567924 0.464799 0.000000 0.000000 0.000000 0.000000 0.000000 0.000000 0.000000
-1.747042 0.850437 -21.747042 0.000000 0.000000 0.000000 0.486787 0.526078 0.486787 0.000000 0.000000 0.000000 0.000000 0.000000 0.000000 0.000000
-1.722159 0.875667 -21.722159 0.000000 0.000000 0.000000 0.508470 0.482916 0.508470 0.000000 0.000000 0.000000 0.000000 0.000000 0.000000 0.000000
-1.696200 0.898708 -21.696200 0.000000 0.000000 0.000000 0.529836 0.438547 0.529836 0.000000 0.000000 0.000000 0.000000 0.000000 0.000000 0.000000
-1.669181 0.919503 -21.669181 0.000000 0.000000 0.000000 0.550871 0.393083 0.550871 0.000000 0.000000 0.000000 0.000000 0.000000 0.000000 0.000000
-1.641119 0.938000 -21.641119 0.000000 0.000000 0.000000 0.571561 0.346635 0.571561 0.000000 0.000000 0.000000 0.000000 0.000000 0.000000 0.000000
-1.612031 0.954152 -21.612031 0.000000 0.000000 0.000000 0.591895 0.299322 0.591895 0.000000 0.000000 0.000000 0.000000 0.000000 0.000000 0.000000
-1.581935 0.967920 -21.581935 0.000000 0.000000 0.000000 0.611858 0.251260 0.611858 0.000000 0.000000 0.000000 0.000000 0.000000 0.000000 0.000000
-1.550851 0.979268 -21.550851 0.000000 0.000000 0.000000 0.631439 0.202570 0.631439 0.000000 0.000000 0.000000 0.000000 0.000000 0.000000 0.000000
-1.518798 0.988168 -21.518798 0.000000 0.000000 0.000000 0.650625 0.153374 0.650625 0.000000 0.000000 0.000000 0.000000 0.000000 0.000000 0.000000
-1.485796 0.994599 -21.485796 0.000000 0.000000 0.000000 0.669405 0.103794 0.669405 0.000000 0.000000 0.000000 0.000000 0.000000 0.000000 0.000000
-1.451865 0.998543 -21.451865 0.000000 0.000000 0.000000 0.687766 0.053955 0.687766 0.000000 0.000000 0.000000 0.000000 0.000000 0.000000 0.000000
-1.417026 0.999992 -21.417026 0.000000 0.000000 0.000000 0.705698 0.003982 0.705698 0.000000 0.000000 0.000000 0.000000 0.000000 0.000000 0.000000
-1.381302 0.998941 -21.381302 0.000000 0.000000 0.000000 0.723188 -0.046002 0.723188 0.000000 0.000000 0.000000 0.000000 0.000000 0.000000 0.000000
-1.344715 0.995394 -21.344715 0.000000 0.000000 0.000000 0.740227 -0.095871 0.740227 0.000000 0.000000 0.000000 0.000000 0.000000 0.000000 0.000000
-1.307287 0.989358 -21.307287 0.000000 0.000000 0.000000 0.756802 -0.145500 0.756802 0.000000 0.000000 0.000000 0.000000 0.000000 0.000000 0.000000
-1.269043 0.980850 -21.269043 0.000000 0.000000 0.000000 0.772905 -0.194765 0.772905 0.000000 0.000000 0.000000 0.000000 0.000000 0.000000 0.000000
-1.230005 0.969890 -21.230005 0.000000 0.000000 0.000000 0.788525 -0.243544 0.788525 0.000000 0.000000 0.000000 0.000000 0.000000 0.000000 0.000000
-1.190198 0.956506 -21.190198 0.000000 0.000000 0.000000 0.803652 -0.291714 0.803652 0.000000 0.000000 0.000000 0.000000 0.000000 0.000000 0.000000
-1.149648 0.940731 -21.149648 0.000000 0.000000 0.000000 0.818277 -0.339155 0.818277 0.000000 0.000000 0.000000 0.000000 0.000000 0.000000 0.000000
-1.108379 0.922604 -21.108379 0.000000 0.000000 0.000000 0.832391 -0.385748 0.832391 0.000000 0.000000 0.000000 0.000000 0.000000 0.000000 0.000000
-1.066418 0.902172 -21.066418 0.000000 0.000000 0.000000 0.845984 -0.431377 0.845984 0.000000 0.000000 0.000000 0.000000 0.000000 0.000000 0.000000
-1.023789 0.879484 -21.023789 0.000000 0.000000 0.000000 0.859048 -0.475928 0.859048 0.000000 0.000000 0.000000 0.000000 0.000000 0.000000 0.000000
-0.980522 0.854599 -20.980522 0.000000 0.000000 0.000000 0.871576 -0.519289 0.871576 0.000000 0.000000 0.000000 0.000000 0.000000 0.000000 0.000000
-0.936641 0.827577 -20.936641 0.000000 0.000000 0.000000 0.883559 -0.561352 0.883559 0.000000 0.000000 0.000000 0.000000 0.000000 0.000000 0.000000
-0.892175 0.798487 -20.892175 0.000000 0.000000 0.000000 0.894989 -0.602012 0.894989 0.000000 0.000000 0.000000 0.000000 0.000000 0.000000 0.000000
-0.847151 0.767401 -20.847151 0.000000 0.000000 0.000000 0.905861 -0.641167 0.905861 0.000000 0.000000 0.000000 0.000000 0.000000 0.000000 0.000000
-0.801598 0.734397 -20.801598 0.000000 0.000000 0.000000 0.916166 -0.678720 0.916166 0.000000 0.000000 0.000000 0.000000 0.000000 0.000000 0.000000
-0.755544 0.699557 -20.755544 0.000000 0.000000 0.000000 0.925899 -0.714576 0.925899 0.000000 0.000000 0.000000 0.000000 0.000000 0.000000 0.000000
-0.709018 0.662969 -20.709018 0.000000 0.000000 0.000000 0.935053 -0.748647 0.935053 0.000000 0.000000 0.000000 0.000000 0.000000 0.000000 0.000000
-0.662049 0.624724 -20.662049 0.000000 0.000000 0.000000 0.943622 -0.780846 0.943622 0.000000 0.000000 0.000000 0.000000 0.000000 0.000000 0.000000
-0.614666 0.584917 -20.614666 0.000000 0.000000 0.000000 0.951602 -0.811093 0.951602 0.000000 0.000000 0.000000 0.000000 0.000000 0.000000 0.000000
-0.566899 0.543648 -20.566899 0.000000 0.000000 0.000000 0.958987 -0.839313 0.958987 0.000000 0.000000 0.000000 0.000000 0.000000 0.000000 0.000000
-0.518777 0.501021 -20.518777 0.000000 0.000000 0.000000 0.965773 -0.865435 0.965773 0.000000 0.000000 0.000000 0.000000 0.000000 0.000000 0.000000
-0.470331 0.457141 -20.470331 0.000000 0.000000 0.000000 0.971955 -0.889394 0.971955 0.000000 0.000000 0.000000 0.000000 0.000000 0.000000 0.000000
-0.421592 0.412118 -20.421592 0.000000 0.000000 0.000000 0.977530 -0.911130 0.977530 0.000000 0.000000 0.000000 0.000000 0.000000 0.000000 0.000000
-0.372588 0.366066 -20.372588 0.000000 0.000000 0.000000 0.982494 -0.930589 0.982494 0.000000 0.000000 0.000000 0.000000 0.000000 0.000000 0.000000
-0.323352 0.319098 -20.323352 0.000000 0.000000 0.000000 0.986844 -0.947722 0.986844 0.000000 0.000000 0.000000 0.000000 0.000000 0.000000 0.000000
-0.273914 0.271333 -20.273914 0.000000 0.000000 0.000000 0.990577 -0.962485 0.990577 0.000000 0.000000 0.000000 0.000000 0.000000 0.000000 0.000000
-0.224305 0.222890 -20.224305 0.000000 0.000000 0.000000 0.993691 -0.974844 0.993691 0.000000 0.000000 0.000000 0.000000 0.000000 0.000000 0.000000
-0.174556 0.173889 -20.174556 0.000000 0.000000 0.000000 0.996184 -0.984765 0.996184 0.000000 0.000000 0.000000 0.000000 0.000000 0.000000 0.000000
-0.124697 0.124454 -20.124697 0.000000 0.000000 0.000000 0.998054 -0.992225 0.998054 0.000000 0.000000 0.000000 0.000000 0.000000 0.000000 0.000000
-0.074761 0.074708 -20.074761 0.000000 0.000000 0.000000 0.999301 -0.997205 0.999301 0.000000 0.000000 0.000000 0.000000 0.000000 0.000000 0.000000
-0.024777 0.024775 -20.024777 0.000000 0.000000 0.000000 0.999923 -0.999693 0.999923 0.000000 0.000000 0.000000 0.000000 0.000000 0.000000 0.000000
0.025221 -0.025219 -19.974779 0.000000 0.000000 0.000000 0.999920 -0.999682 0.999920 0.000000 0.000000 0.000000 0.000000 0.000000 0.000000 0.000000
0.075204 -0.075151 -19.924796 0.000000 0.000000 0.000000 0.999293 -0.997172 0.999293 0.000000 0.000000 0.000000 0.000000 0.000000 0.000000 0.000000
0.125140 -0.124895 -19.874860 0.000000 0.000000 0.000000 0.998041 -0.992170 0.998041 0.000000 0.000000 0.000000 0.000000 0.000000 0.000000 0.000000
0.174998 -0.174327 -19.825002 0.000000 0.000000 0.000000 0.996165 -0.984688 0.996165 0.000000 0.000000 0.000000 0.000000 0.000000 0.000000 0.000000
0.224746 -0.223323 -19.775254 0.000000 0.000000 0.000000 0.993666 -0.974745 0.993666 0.000000 0.000000 0.000000 0.000000 0.000000 0.000000 0.000000
0.274354 -0.271761 -19.725646 0.000000 0.000000 0.000000 0.990547 -0.962365 0.990547 0.000000 0.000000 0.000000 0.000000 0.000000 0.000000 0.000000
0.323791 -0.319519 -19.676209 0.000000 0.000000 0.000000 0.986808 -0.947580 0.986808 0.000000 0.000000 0.000000 0.000000 0.000000 0.000000 0.000000
0.373025 -0.366479 -19.626975 0.000000 0.000000 0.000000 0.982453 -0.930426 0.982453 0.000000 0.000000 0.000000 0.000000 0.000000 0.000000 0.000000
0.422026 -0.412523 -19.577974 0.000000 0.000000 0.000000 0.977483 -0.910947 0.977483 0.000000 0.000000 0.000000 0.000000 0.000000 0.000000 0.000000
0.470763 -0.457536 -19.529237 0.000000 0.000000 0.000000 0.971903 -0.889191 0.971903 0.000000 0.000000 0.000000 0.000000 0.000000 0.000000 0.000000
0.519206 -0.501405 -19.480794 0.000000 0.000000 0.000000 0.965715 -0.865213 0.965715 0.000000 0.000000 0.000000 0.000000 0.000000 0.000000 0.000000
0.567324 -0.544021 -19.432676 0.000000 0.000000 0.000000 0.958924 -0.839072 0.958924 0.000000 0.000000 0.000000 0.000000 0.000000 0.000000 0.000000
0.615088 -0.585277 -19.384912 0.000000 0.000000 0.000000 0.951534 -0.810833 0.951534 0.000000 0.000000 0.000000 0.000000 0.000000 0.000000 0.000000
0.662468 -0.625071 -19.337532 0.000000 0.000000 0.000000 0.943549 -0.780568 0.943549 0.000000 0.000000 0.000000 0.000000 0.000000 0.000000 0.000000
0.709433 -0.663302 -19.290567 0.000000 0.000000 0.000000 0.934974 -0.748352 0.934974 0.000000 0.000000 0.000000 0.000000 0.000000 0.000000 0.000000
0.755955 -0.699875 -19.244045 0.000000 0.000000 0.000000 0.925815 -0.714266 0.925815 0.000000 0.000000 0.000000 0.000000 0.000000 0.000000 0.000000
0.802005 -0.734698 -19.197995 0.000000 0.000000 0.000000 0.916077 -0.678394 0.916077 0.000000 0.000000 0.000000 0.000000 0.000000 0.000000 0.000000
0.847554 -0.767686 -19.152446 0.000000 0.000000 0.000000 0.905767 -0.640826 0.905767 0.000000 0.000000 0.000000 0.000000 0.000000 0.000000 0.000000
0.892572 -0.798754 -19.107428 0.000000 0.000000 0.000000 0.894890 -0.601657 0.894890 0.000000 0.000000 0.000000 0.000000 0.000000 0.000000 0.000000
0.937033 -0.827826 -19.062967 0.000000 0.000000 0.000000 0.883455 -0.560984 0.883455 0.000000 0.000000 0.000000 0.000000 0.000000 0.000000 0.000000
0.980909 -0.854829 -19.019091 0.000000 0.000000 0.000000 0.871467 -0.518909 0.871467 0.000000 0.000000 0.000000 0.000000 0.000000 0.000000 0.000000
1.024171 -0.879696 -18.975829 0.000000 0.000000 0.000000 0.858934 -0.475537 0.858934 0.000000 0.000000 0.000000 0.000000 0.000000 0.000000 0.000000
1.066793 -0.902363 -18.933207 0.000000 0.000000 0.000000 0.845865 -0.430976 0.845865 0.000000 0.000000 0.000000 0.000000 0.000000 0.000000 0.000000
1.108749 -0.922775 -18.891251 0.000000 0.000000 0.000000 0.832267 -0.385338 0.832267 0.000000 0.000000 0.000000 0.000000 0.000000 0.000000 0.000000
1.150011 -0.940881 -18.849989 0.000000 0.000000 0.000000 0.818149 -0.338737 0.818149 0.000000 0.000000 0.000000 0.000000 0.000000 0.000000 0.000000
1.190555 -0.956635 -18.809445 0.000000 0.000000 0.000000 0.803520 -0.291289 0.803520 0.000000 0.000000 0.000000 0.000000 0.000000 0.000000 0.000000
1.230355 -0.969998 -18.769645 0.000000 0.000000 0.000000 0.788389 -0.243113 0.788389 0.000000 0.000000 0.000000 0.000000 0.000000 0.000000 0.000000
1.269386 -0.980936 -18.730614 0.000000 0.000000 0.000000 0.772764 -0.194330 0.772764 0.000000 0.000000 0.000000 0.000000 0.000000 0.000000 0.000000
1.307623 -0.989423 -18.692377 0.000000 0.000000 0.000000 0.756657 -0.145061 0.756657 0.000000 0.000000 0.000000 0.000000 0.000000 0.000000 0.000000
1.345044 -0.995436 -18.654956 0.000000 0.000000 0.000000 0.740077 -0.095429 0.740077 0.000000 0.000000 0.000000 0.000000 0.000000 0.000000 0.000000
1.381623 -0.998962 -18.618377 0.000000 0.000000 0.000000 0.723035 -0.045559 0.723035 0.000000 0.000000 0.000000 0.000000 0.000000 0.000000 0.000000
1.417340 -0.999990 -18.582660 0.000000 0.000000 0.000000 0.705540 0.004426 0.705540 0.000000 0.000000 0.000000 0.000000 0.000000 0.000000 0.000000
1.452170 -0.998519 -18.547830 0.000000 0.000000 0.000000 0.687605 0.054399 0.687605 0.000000 0.000000 0.000000 0.000000 0.000000 0.000000 0.000000
1.486093 -0.994553 -18.513907 0.000000 0.000000 0.000000 0.669240 0.104236 0.669240 0.000000 0.000000 0.000000 0.000000 0.000000 0.000000 0.000000
1.519087 -0.988100 -18.480913 0.000000 0.000000 0.000000 0.650457 0.153813 0.650457 0.000000 0.000000 0.000000 0.000000 0.000000 0.000000 0.000000
1.551132 -0.979178 -18.448868 0.000000 0.000000 0.000000 0.631267 0.203005 0.631267 0.000000 0.000000 0.000000 0.000000 0.000000 0.000000 0.000000
1.582207 -0.967808 -18.417793 0.000000 0.000000 0.000000 0.611682 0.251690 0.611682 0.000000 0.000000 0.000000 0.000000 0.000000 0.000000 0.000000
1.612294 -0.954019 -18.387706 0.000000 0.000000 0.000000 0.591716 0.299745 0.591716 0.000000 0.000000 0.000000 0.000000 0.000000 0.000000 0.000000
1.641372 -0.937846 -18.358628 0.000000 0.000000 0.000000 0.571379 0.347052 0.571379 0.000000 0.000000 0.000000 0.000000 0.000000 0.000000 0.000000
1.669426 -0.919329 -18.330574 0.000000 0.000000 0.000000 0.550686 0.393491 0.550686 0.000000 0.000000 0.000000 0.000000 0.000000 0.000000 0.000000
1.696435 -0.898513 -18.303565 0.000000 0.000000 0.000000 0.529648 0.438946 0.529648 0.000000 0.000000 0.000000 0.000000 0.000000 0.000000 0.000000
1.722385 -0.875452 -18.277615 0.000000 0.000000 0.000000 0.508279 0.483305 0.508279 0.000000 0.000000 0.000000 0.000000 0.000000 0.000000 0.000000
1.747258 -0.850203 -18.252742 0.000000 0.000000 0.000000 0.486593 0.526455 0.486593 0.000000 0.000000 0.000000 0.000000 0.000000 0.000000 0.000000
1.771039 -0.822829 -18.228961 0.000000 0.000000 0.000000 0.464602 0.568290 0.464602 0.000000 0.000000 0.000000 0.000000 0.000000 0.000000 0.000000
1.793713 -0.793398 -18.206287 0.000000 0.000000 0.000000 0.442321 0.608704 0.442321 0.000000 0.000000 0.000000 0.000000 0.000000 0.000000 0.000000
1.815267 -0.761984 -18.184733 0.000000 0.000000 0.000000 0.419764 0.647596 0.419764 0.000000 0.000000 0.000000 0.000000 0.000000 0.000000 0.000000
1.835685 -0.728665 -18.164315 0.000000 0.000000 0.000000 0.396944 0.684870 0.396944 0.000000 0.000000 0.000000 0.000000 0.000000 0.000000 0.000000
1.854957 -0.693525 -18.145043 0.000000 0.000000 0.000000 0.373877 0.720432 0.373877 0.000000 0.000000 0.000000 0.000000 0.000000 0.000000 0.000000
1.873069 -0.656652 -18.126931 0.000000 0.000000 0.000000 0.350575 0.754194 0.350575 0.000000 0.000000 0.000000 0.000000 0.000000 0.000000 0.000000
1.890011 -0.618137 -18.109989 0.000000 0.000000 0.000000 0.327055 0.786070 0.327055 0.000000 0.000000 0.000000 0.000000 0.000000 0.000000 0.000000
1.905771 -0.578077 -18.094229 0.000000 0.000000 0.000000 0.303330 0.815982 0.303330 0.000000 0.000000 0.000000 0.000000 0.000000 0.000000 0.000000
1.920341 -0.536573 -18.079659 0.000000 0.000000 0.000000 0.279415 0.843854 0.279415 0.000000 0.000000 0.000000 0.000000 0.000000 0.000000 0.000000
1.933710 -0.493727 -18.066290 0.000000 0.000000 0.000000 0.255326 0.869617 0.255326 0.000000 0.000000 0.000000 0.000000 0.000000 0.000000 0.000000
1.945871 -0.449647 -18.054129 0.000000 0.000000 0.000000 0.231078 0.893206 0.231078 0.000000 0.000000 0.000000 0.000000 0.000000 0.000000 0.000000
1.956815 -0.404444 -18.043185 0.000000 0.000000 0.000000 0.206685 0.914563 0.206685 0.000000 0.000000 0.000000 0.000000 0.000000 0.000000 0.000000
1.966537 -0.358229 -18.033463 0.000000 0.000000 0.000000 0.182163 0.933634 0.182163 0.000000 0.000000 0.000000 0.000000 0.000000 0.000000 0.000000
1.975030 -0.311119 -18.024970 0.000000 0.000000 0.000000 0.157526 0.950371 0.157526 0.000000 0.000000 0.000000 0.000000 0.000000 0.000000 0.000000
1.982288 -0.263232 -18.017712 0.000000 0.000000 0.000000 0.132792 0.964733 0.132792 0.000000 0.000000 0.000000 0.000000 0.000000 0.000000 0.000000
1.988307 -0.214686 -18.011693 0.000000 0.000000 0.000000 0.107974 0.976683 0.107974 0.000000 0.000000 0.000000 0.000000 0.000000 0.000000 0.000000
1.993084 -0.165604 -18.006916 0.000000 0.000000 0.000000 0.083089 0.986192 0.083089 0.000000 0.000000 0.000000 0.000000 0.000000 0.000000 0.000000
1.996615 -0.116108 -18.003385 0.000000 0.000000 0.000000 0.058152 0.993237 0.058152 0.000000 0.000000 0.000000 0.000000 0.000000 0.000000 0.000000
1.998899 -0.066322 -18.001101 0.000000 0.000000 0.000000 0.033179 0.997798 0.033179 0.000000 0.000000 0.000000 0.000000 0.000000 0.000000 0.000000
1.999933 -0.016370 -18.000067 0.000000 0.000000 0.000000 0.008185 0.999866 0.008185 0.000000 0.000000 0.000000 0.000000 0.000000 0.000000 0.000000
1.999717 0.033623 -18.000283 0.000000 0.000000 0.000000 -0.016814 0.999435 -0.016814 0.000000 0.000000 0.000000 0.000000 0.000000 0.000000 0.000000
1.998252 0.083532 -18.001748 0.000000 0.000000 0.000000 -0.041803 0.996505 -0.041803 0.000000 0.000000 0.000000 0.000000 0.000000 0.000000 0.000000
1.995537 0.133232 -18.004463 0.000000 0.000000 0.000000 -0.066765 0.991085 -0.066765 0.000000 0.000000 0.000000 0.000000 0.000000 0.000000 0.000000
1.991576 0.182599 -18.008424 0.000000 0.000000 0.000000 -0.091686 0.983187 -0.091686 0.000000 0.000000 0.000000 0.000000 0.000000 0.000000 0.000000
1.986370 0.231510 -18.013630 0.000000 0.000000 0.000000 -0.116549 0.972833 -0.116549 0.000000 0.000000 0.000000 0.000000 0.000000 0.000000 0.000000
1.979922 0.279842 -18.020078 0.000000 0.000000 0.000000 -0.141340 0.960046 -0.141340 0.000000 0.000000 0.000000 0.000000 0.000000 0.000000 0.000000
1.972237 0.327474 -18.027763 0.000000 0.000000 0.000000 -0.166042 0.944860 -0.166042 0.000000 0.000000 0.000000 0.000000 0.000000 0.000000 0.000000
1.963320 0.374289 -18.036680 0.000000 0.000000 0.000000 -0.190641 0.927312 -0.190641 0.000000 0.000000 0.000000 0.000000 0.000000 0.000000 0.000000
1.953175 0.420167 -18.046825 0.000000 0.000000 0.000000 -0.215120 0.907447 -0.215120 0.000000 0.000000 0.000000 0.000000 0.000000 0.000000 0.000000
1.941810 0.464995 -18.058190 0.000000 0.000000 0.000000 -0.239465 0.885313 -0.239465 0.000000 0.000000 0.000000 0.000000 0.000000 0.000000 0.000000
1.929231 0.508661 -18.070769 0.000000 0.000000 0.000000 -0.263660 0.860967 -0.263660 0.000000 0.000000 0.000000 0.000000 0.000000 0.000000 0.000000
1.915447 0.551056 -18.084553 0.000000 0.000000 0.000000 -0.287691 0.834468 -0.287691 0.000000 0.000000 0.000000 0.000000 0.000000 0.000000 0.000000
1.900465 0.592074 -18.099535 0.000000 0.000000 0.000000 -0.311541 0.805884 -0.311541 0.000000 0.000000 0.000000 0.000000 0.000000 0.000000 0.000000
1.884296 0.631611 -18.115704 0.000000 0.000000 0.000000 -0.335197 0.775285 -0.335197 0.000000 0.000000 0.000000 0.000000 0.000000 0.000000 0.000000
1.866949 0.669570 -18.133051 0.000000 0.000000 0.000000 -0.358644 0.742749 -0.358644 0.000000 0.000000 0.000000 0.000000 0.000000 0.000000 0.000000
1.848435 0.705855 -18.151565 0.000000 0.000000 0.000000 -0.381866 0.708356 -0.381866 0.000000 0.000000 0.000000 0.000000 0.000000 0.000000 0.000000
1.828766 0.740376 -18.171234 0.000000 0.000000 0.000000 -0.404850 0.672193 -0.404850 0.000000 0.000000 0.000000 0.000000 0.000000 0.000000 0.000000
1.807954 0.773046 -18.192046 0.000000 0.000000 0.000000 -0.427581 0.634350 -0.427581 0.000000 0.000000 0.000000 0.000000 0.000000 0.000000 0.000000
1.786013 0.803784 -18.213987 0.000000 0.000000 0.000000 -0.450044 0.594921 -0.450044 0.000000 0.000000 0.000000 0.000000 0.000000 0.000000 0.000000
1.762955 0.832514 -18.237045 0.000000 0.000000 0.000000 -0.472226 0.554005 -0.472226 0.000000 0.000000 0.000000 0.000000 0.000000 0.000000 0.000000
1.738795 0.859162 -18.261205 0.000000 0.000000 0.000000 -0.494113 0.511704 -0.494113 0.000000 0.000000 0.000000 0.000000 0.000000 0.000000 0.000000
1.713549 0.883663 -18.286451 0.000000 0.000000 0.000000 -0.515692 0.468124 -0.515692 0.000000 0.000000 0.000000 0.000000 0.000000 0.000000 0.000000
1.687231 0.905955 -18.312769 0.000000 0.000000 0.000000 -0.536948 0.423375 -0.536948 0.000000 0.000000 0.000000 0.000000 0.000000 0.000000 0.000000
1.659859 0.925982 -18.340141 0.000000 0.000000 0.000000 -0.557868 0.377567 -0.557868 0.000000 0.000000 0.000000 0.000000 0.000000 0.000000 0.000000
1.631450 0.943696 -18.368550 0.000000 0.000000 0.000000 -0.578440 0.330815 -0.578440 0.000000 0.000000 0.000000 0.000000 0.000000 0.000000 0.000000
1.602021 0.959050 -18.397979 0.000000 0.000000 0.000000 -0.598650 0.283236 -0.598650 0.000000 0.000000 0.000000 0.000000 0.000000 0.000000 0.000000
1.571591 0.972008 -18.428409 0.000000 0.000000 0.000000 -0.618486 0.234950 -0.618486 0.000000 0.000000 0.000000 0.000000 0.000000 0.000000 0.000000
1.540179 0.982535 -18.459821 0.000000 0.000000 0.000000 -0.637936 0.186076 -0.637936 0.000000 0.000000 0.000000 0.000000 0.000000 0.000000 0.000000
1.507805 0.990607 -18.492195 0.000000 0.000000 0.000000 -0.656987 0.136737 -0.656987 0.000000 0.000000 0.000000 0.000000 0.000000 0.000000 0.000000
1.474487 0.996203 -18.525513 0.000000 0.000000 0.000000 -0.675627 0.087057 -0.675627 0.000000 0.000000 0.000000 0.000000 0.000000 0.000000 0.000000
1.440249 0.999309 -18.559751 0.000000 0.000000 0.000000 -0.693845 0.037158 -0.693845 0.000000 0.000000 0.000000 0.000000 0.000000 0.000000 0.000000
1.405110 0.999918 -18.594890 0.000000 0.000000 0.000000 -0.711629 -0.012833 -0.711629 0.000000 0.000000 0.000000 0.000000 0.000000 0.000000 0.000000
1.369093 0.998027 -18.630907 0.000000 0.000000 0.000000 -0.728969 -0.062792 -0.728969 0.000000 0.000000 0.000000 0.000000 0.000000 0.000000 0.000000
1.332221 0.993641 -18.667779 0.000000 0.000000 0.000000 -0.745853 -0.112594 -0.745853 0.000000 0.000000 0.000000 0.000000 0.000000 0.000000 0.000000
1.294516 0.986772 -18.705484 0.000000 0.000000 0.000000 -0.762271 -0.162114 -0.762271 0.000000 0.000000 0.000000 0.000000 0.000000 0.000000 0.000000
1.256002 0.977436 -18.743998 0.000000 0.000000 0.000000 -0.778213 -0.211230 -0.778213 0.000000 0.000000 0.000000 0.000000 0.000000 0.000000 0.000000
1.216703 0.965658 -18.783297 0.000000 0.000000 0.000000 -0.793668 -0.259817 -0.793668 0.000000 0.000000 0.000000 0.000000 0.000000 0.000000 0.000000
1.176643 0.951466 -18.823357 0.000000 0.000000 0.000000 -0.808627 -0.307755 -0.808627 0.000000 0.000000 0.000000 0.000000 0.000000 0.000000 0.000000
1.135848 0.934895 -18.864152 0.000000 0.000000 0.000000 -0.823081 -0.354924 -0.823081 0.000000 0.000000 0.000000 0.000000 0.000000 0.000000 0.000000
1.094344 0.915988 -18.905656 0.000000 0.000000 0.000000 -0.837020 -0.401206 -0.837020 0.000000 0.000000 0.000000 0.000000 0.000000 0.000000 0.000000
1.052155 0.894791 -18.947845 0.000000 0.000000 0.000000 -0.850437 -0.446485 -0.850437 0.000000 0.000000 0.000000 0.000000 0.000000 0.000000 0.000000
1.009309 0.871358 -18.990691 0.000000 0.000000 0.000000 -0.863321 -0.490648 -0.863321 0.000000 0.000000 0.000000 0.000000 0.000000 0.000000 0.000000
0.965832 0.845747 -19.034168 0.000000 0.000000 0.000000 -0.875667 -0.533584 -0.875667 0.000000 0.000000 0.000000 0.000000 0.000000 0.000000 0.000000
0.921751 0.818022 -19.078249 0.000000 0.000000 0.000000 -0.887465 -0.575187 -0.887465 0.000000 0.000000 0.000000 0.000000 0.000000 0.000000 0.000000
0.877095 0.788252 -19.122905 0.000000 0.000000 0.000000 -0.898708 -0.615352 -0.898708 0.000000 0.000000 0.000000 0.000000 0.000000 0.000000 0.000000
0.831890 0.756512 -19.168110 0.000000 0.000000 0.000000 -0.909390 -0.653980 -0.909390 0.000000 0.000000 0.000000 0.000000 0.000000 0.000000 0.000000
0.786165 0.722881 -19.213835 0.000000 0.000000 0.000000 -0.919503 -0.690972 -0.919503 0.000000 0.000000 0.000000 0.000000 0.000000 0.000000 0.000000
0.739949 0.687444 -19.260051 0.000000 0.000000 0.000000 -0.929042 -0.726238 -0.929042 0.000000 0.000000 0.000000 0.000000 0.000000 0.000000 0.000000
0.693271 0.650288 -19.306729 0.000000 0.000000 0.000000 -0.938000 -0.759688 -0.938000 0.000000 0.000000 0.000000 0.000000 0.000000 0.000000 0.000000
0.646159 0.611507 -19.353841 0.000000 0.000000 0.000000 -0.946372 -0.791239 -0.946372 0.000000 0.000000 0.000000 0.000000 0.000000 0.000000 0.000000
0.598643 0.571197 -19.401357 0.000000 0.000000 0.000000 -0.954152 -0.820813 -0.954152 0.000000 0.000000 0.000000 0.000000 0.000000 0.000000 0.000000
0.550754 0.529459 -19.449246 0.000000 0.000000 0.000000 -0.961336 -0.848335 -0.961336 0.000000 0.000000 0.000000 0.000000 0.000000 0.000000 0.000000
0.502520 0.486399 -19.497480 0.000000 0.000000 0.000000 -0.967920 -0.873737 -0.967920 0.000000 0.000000 0.000000 0.000000 0.000000 0.000000 0.000000
0.453972 0.442122 -19.546028 0.000000 0.000000 0.000000 -0.973898 -0.896955 -0.973898 0.000000 0.000000 0.000000 0.000000 0.000000 0.000000 0.000000
0.405140 0.396741 -19.594860 0.000000 0.000000 0.000000 -0.979268 -0.917931 -0.979268 0.000000 0.000000 0.000000 0.000000 0.000000 0.000000 0.000000
0.356055 0.350367 -19.643945 0.000000 0.000000 0.000000 -0.984026 -0.936612 -0.984026 0.000000 0.000000 0.000000 0.000000 0.000000 0.000000 0.000000
0.306748 0.303118 -19.693252 0.000000 0.000000 0.000000 -0.988168 -0.952953 -0.988168 0.000000 0.000000 0.000000 0.000000 0.000000 0.000000 0.000000
0.257249 0.255112 -19.742751 0.000000 0.000000 0.000000 -0.991693 -0.966912 -0.991693 0.000000 0.000000 0.000000 0.000000 0.000000 0.000000 0.000000
0.207589 0.206467 -19.792411 0.000000 0.000000 0.000000 -0.994599 -0.978453 -0.994599 0.000000 0.000000 0.000000 0.000000 0.000000 0.000000 0.000000
0.157799 0.157307 -19.842201 0.000000 0.000000 0.000000 -0.996883 -0.987550 -0.996883 0.000000 0.000000 0.000000 0.000000 0.000000 0.000000 0.000000
0.107911 0.107754 -19.892089 0.000000 0.000000 0.000000 -0.998543 -0.994178 -0.998543 0.000000 0.000000 0.000000 0.000000 0.000000 0.000000 0.000000
0.057955 0.057931 -19.942045 0.000000 0.000000 0.000000 -0.999580 -0.998321 -0.999580 0.000000 0.000000 0.000000 0.000000 0.000000 0.000000 0.000000
0.007963 0.007963 -19.992037 0.000000 0.000000 0.000000 -0.999992 -0.999968 -0.999992 0.000000 0.000000 0.000000 0.000000 0.000000 0.000000 0.000000
-0.042034 -0.042024 -20.042034 0.000000 0.000000 0.000000 -0.999779 -0.999117 -0.999779 0.000000 0.000000 0.000000 0.000000 0.000000 0.000000 0.000000
-0.092004 -0.091907 -20.092004 0.000000 0.000000 0.000000 -0.998941 -0.995768 -0.998941 0.000000 0.000000 0.000000 0.000000 0.000000 0.000000 0.000000
-0.141917 -0.141560 -20.141917 0.000000 0.000000 0.000000 -0.997479 -0.989930 -0.997479 0.000000 0.000000 0.000000 0.000000 0.000000 0.000000 0.000000
-0.191742 -0.190859 -20.191742 0.000000 0.000000 0.000000 -0.995394 -0.981618 -0.995394 0.000000 0.000000 0.000000 0.000000 0.000000 0.000000 0.000000
-0.241446 -0.239680 -20.241446 0.000000 0.000000 0.000000 -0.992686 -0.970852 -0.992686 0.000000 0.000000 0.000000 0.000000 0.000000 0.000000 0.000000
-0.291000 -0.287903 -20.291000 0.000000 0.000000 0.000000 -0.989358 -0.957659 -0.989358 0.000000 0.000000 0.000000 0.000000 0.000000 0.000000 0.000000
-0.340372 -0.335407 -20.340372 0.000000 0.000000 0.000000 -0.985412 -0.942073 -0.985412 0.000000 0.000000 0.000000 0.000000 0.000000 0.000000 0.000000
-0.389531 -0.382071 -20.389531 0.000000 0.000000 0.000000 -0.980850 -0.924133 -0.980850 0.000000 0.000000 0.000000 0.000000 0.000000 0.000000 0.000000
-0.438447 -0.427781 -20.438447 0.000000 0.000000 0.000000 -0.975675 -0.903882 -0.975675 0.000000 0.000000 0.000000 0.000000 0.000000 0.000000 0.000000
-0.487088 -0.472422 -20.487088 0.000000 0.000000 0.000000 -0.969890 -0.881372 -0.969890 0.000000 0.000000 0.000000 0.000000 0.000000 0.000000 0.000000
-0.535426 -0.515882 -20.535426 0.000000 0.000000 0.000000 -0.963499 -0.856660 -0.963499 0.000000 0.000000 0.000000 0.000000 0.000000 0.000000 0.000000
-0.583428 -0.558052 -20.583428 0.000000 0.000000 0.000000 -0.956506 -0.829806 -0.956506 0.000000 0.000000 0.000000 0.000000 0.000000 0.000000 0.000000
-0.631066 -0.598828 -20.631066 0.000000 0.000000 0.000000 -0.948915 -0.800878 -0.948915 0.000000 0.000000 0.000000 0.000000 0.000000 0.000000 0.000000
-0.678310 -0.638107 -20.678310 0.000000 0.000000 0.000000 -0.940731 -0.769948 -0.940731 0.000000 0.000000 0.000000 0.000000 0.000000 0.000000 0.000000
-0.725129 -0.675791 -20.725129 0.000000 0.000000 0.000000 -0.931959 -0.737094 -0.931959 0.000000 0.000000 0.000000 0.000000 0.000000 0.000000 0.000000
-0.771496 -0.711785 -20.771496 0.000000 0.000000 0.000000 -0.922604 -0.702397 -0.922604 0.000000 0.000000 0.000000 0.000000 0.000000 0.000000 0.000000
-0.817380 -0.746001 -20.817380 0.000000 0.000000 0.000000 -0.912673 -0.665945 -0.912673 0.000000 0.000000 0.000000 0.000000 0.000000 0.000000 0.000000
-0.862754 -0.778352 -20.862754 0.000000 0.000000 0.000000 -0.902172 -0.627828 -0.902172 0.000000 0.000000 0.000000 0.000000 0.000000 0.000000 0.000000
-0.907588 -0.808758 -20.907588 0.000000 0.000000 0.000000 -0.891107 -0.588142 -0.891107 0.000000 0.000000 0.000000 0.000000 0.000000 0.000000 0.000000
-0.951855 -0.837142 -20.951855 0.000000 0.000000 0.000000 -0.879484 -0.546986 -0.879484 0.000000 0.000000 0.000000 0.000000 0.000000 0.000000 0.000000
-0.995527 -0.863433 -20.995527 0.000000 0.000000 0.000000 -0.867313 -0.504463 -0.867313 0.000000 0.000000 0.000000 0.000000 0.000000 0.000000 0.000000
-1.038577 -0.887567 -21.038577 0.000000 0.000000 0.000000 -0.854599 -0.460679 -0.854599 0.000000 0.000000 0.000000 0.000000 0.000000 0.000000 0.000000
-1.080978 -0.909482 -21.080978 0.000000 0.000000 0.000000 -0.841351 -0.415743 -0.841351 0.000000 0.000000 0.000000 0.000000 0.000000 0.000000 0.000000
-1.122704 -0.929124 -21.122704 0.000000 0.000000 0.000000 -0.827577 -0.369768 -0.827577 0.000000 0.000000 0.000000 0.000000 0.000000 0.000000 0.000000
-1.163727 -0.946444 -21.163727 0.000000 0.000000 0.000000 -0.813286 -0.322869 -0.813286 0.000000 0.000000 0.000000 0.000000 0.000000 0.000000 0.000000
-1.204024 -0.961397 -21.204024 0.000000 0.000000 0.000000 -0.798487 -0.275163 -0.798487 0.000000 0.000000 0.000000 0.000000 0.000000 0.000000 0.000000
-1.243568 -0.973948 -21.243568 0.000000 0.000000 0.000000 -0.783189 -0.226770 -0.783189 0.000000 0.000000 0.000000 0.000000 0.000000 0.000000 0.000000
-1.282335 -0.984065 -21.282335 0.000000 0.000000 0.000000 -0.767401 -0.177809 -0.767401 0.000000 0.000000 0.000000 0.000000 0.000000 0.000000 0.000000
-1.320300 -0.991722 -21.320300 0.000000 0.000000 0.000000 -0.751134 -0.128404 -0.751134 0.000000 0.000000 0.000000 0.000000 0.000000 0.000000 0.000000
-1.357440 -0.996900 -21.357440 0.000000 0.000000 0.000000 -0.734397 -0.078678 -0.734397 0.000000 0.000000 0.000000 0.000000 0.000000 0.000000 0.000000
-1.393732 -0.999586 -21.393732 0.000000 0.000000 0.000000 -0.717201 -0.028756 -0.717201 0.000000 0.000000 0.000000 0.000000 0.000000 0.000000 0.000000
-1.429153 -0.999774 -21.429153 0.000000 0.000000 0.000000 -0.699557 0.021239 -0.699557 0.000000 0.000000 0.000000 0.000000 0.000000 0.000000 0.000000
-1.463680 -0.997463 -21.463680 0.000000 0.000000 0.000000 -0.681476 0.071180 -0.681476 0.000000 0.000000 0.000000 0.000000 0.000000 0.000000 0.000000
-1.497293 -0.992659 -21.497293 0.000000 0.000000 0.000000 -0.662969 0.120944 -0.662969 0.000000 0.000000 0.000000 0.000000 0.000000 0.000000 0.000000
-1.529970 -0.985374 -21.529970 0.000000 0.000000 0.000000 -0.644048 0.170405 -0.644048 0.000000 0.000000 0.000000 0.000000 0.000000 0.000000 0.000000
-1.561691 -0.975626 -21.561691 0.000000 0.000000 0.000000 -0.624724 0.219440 -0.624724 0.000000 0.000000 0.000000 0.000000 0.000000 0.000000 0.000000
-1.592436 -0.963439 -21.592436 0.000000 0.000000 0.000000 -0.605010 0.267927 -0.605010 0.000000 0.000000 0.000000 0.000000 0.000000 0.000000 0.000000
-1.622186 -0.948844 -21.622186 0.000000 0.000000 0.000000 -0.584917 0.315744 -0.584917 0.000000 0.000000 0.000000 0.000000 0.000000 0.000000 0.000000
-1.650922 -0.931878 -21.650922 0.000000 0.000000 0.000000 -0.564459 0.362772 -0.564459 0.000000 0.000000 0.000000 0.000000 0.000000 0.000000 0.000000
-1.678626 -0.912582 -21.678626 0.000000 0.000000 0.000000 -0.543648 0.408893 -0.543648 0.000000 0.000000 0.000000 0.000000 0.000000 0.000000 0.000000
-1.705281 -0.891006 -21.705281 0.000000 0.000000 0.000000 -0.522498 0.453992 -0.522498 0.000000 0.000000 0.000000 0.000000 0.000000 0.000000 0.000000
-1.730870 -0.867202 -21.730870 0.000000 0.000000 0.000000 -0.501021 0.497956 -0.501021 0.000000 0.000000 0.000000 0.000000 0.000000 0.000000 0.000000
-1.755378 -0.841231 -21.755378 0.000000 0.000000 0.000000 -0.479231 0.540676 -0.479231 0.000000 0.000000 0.000000 0.000000 0.000000 0.000000 0.000000
-1.778788 -0.813157 -21.778788 0.000000 0.000000 0.000000 -0.457141 0.582044 -0.457141 0.000000 0.000000 0.000000 0.000000 0.000000 0.000000 0.000000
-1.801087 -0.783051 -21.801087 0.000000 0.000000 0.000000 -0.434766 0.621958 -0.434766 0.000000 0.000000 0.000000 0.000000 0.000000 0.000000 0.000000
-1.822261 -0.750987 -21.822261 0.000000 0.000000 0.000000 -0.412118 0.660317 -0.412118 0.000000 0.000000 0.000000 0.000000 0.000000 0.000000 0.000000
-1.842295 -0.717047 -21.842295 0.000000 0.000000 0.000000 -0.389214 0.697025 -0.389214 0.000000 0.000000 0.000000 0.000000 0.000000 0.000000 0.000000
-1.861178 -0.681314 -21.861178 0.000000 0.000000 0.000000 -0.366066 0.731991 -0.366066 0.000000 0.000000 0.000000 0.000000 0.000000 0.000000 0.000000
-1.878898 -0.643878 -21.878898 0.000000 0.000000 0.000000 -0.342689 0.765128 -0.342689 0.000000 0.000000 0.000000 0.000000 0.000000 0.000000 0.000000
-1.895443 -0.604833 -21.895443 0.000000 0.000000 0.000000 -0.319098 0.796352 -0.319098 0.000000 0.000000 0.000000 0.000000 0.000000 0.000000 0.000000
-1.910804 -0.564276 -21.910804 0.000000 0.000000 0.000000 -0.295308 0.825586 -0.295308 0.000000 0.000000 0.000000 0.000000 0.000000 0.000000 0.000000
-1.924971 -0.522309 -21.924971 0.000000 0.000000 0.000000 -0.271333 0.852757 -0.271333 0.000000 0.000000 0.000000 0.000000 0.000000 0.000000 0.000000
-1.937935 -0.479036 -21.937935 0.000000 0.000000 0.000000 -0.247189 0.877795 -0.247189 0.000000 0.000000 0.000000 0.000000 0.000000 0.000000 0.000000
-1.949687 -0.434566 -21.949687 0.000000 0.000000 0.000000 -0.222890 0.900640 -0.222890 0.000000 0.000000 0.000000 0.000000 0.000000 0.000000 0.000000
-1.960221 -0.389009 -21.960221 0.000000 0.000000 0.000000 -0.198452 0.921234 -0.198452 0.000000 0.000000 0.000000 0.000000 0.000000 0.000000 0.000000
-1.969530 -0.342481 -21.969530 0.000000 0.000000 0.000000 -0.173889 0.939525 -0.173889 0.000000 0.000000 0.000000 0.000000 0.000000 0.000000 0.000000
-1.977608 -0.295096 -21.977608 0.000000 0.000000 0.000000 -0.149219 0.955468 -0.149219 0.000000 0.000000 0.000000 0.000000 0.000000 0.000000 0.000000
-1.984451 -0.246974 -21.984451 0.000000 0.000000 0.000000 -0.124454 0.969022 -0.124454 0.000000 0.000000 0.000000 0.000000 0.000000 0.000000 0.000000
-1.990053 -0.198234 -21.990053 0.000000 0.000000 0.000000 -0.099612 0.980155 -0.099612 0.000000 0.000000 0.000000 0.000000 0.000000 0.000000 0.000000
-1.994411 -0.148999 -21.994411 0.000000 0.000000 0.000000 -0.074708 0.988837 -0.074708 0.000000 0.000000 0.000000 0.000000 0.000000 0.000000 0.000000
-1.997523 -0.099392 -21.997523 0.000000 0.000000 0.000000 -0.049757 0.995048 -0.049757 0.000000 0.000000 0.000000 0.000000 0.000000 0.000000 0.000000
-1.999386 -0.049536 -21.999386 0.000000 0.000000 0.000000 -0.024775 0.998772 -0.024775 0.000000 0.000000 0.000000 0.000000 0.000000 0.000000 0.000000
-2.000000 0.000444 -22.000000 0.000000 0.000000 0.000000 0.000222 1.000000 0.000222 0.000000 0.000000 0.000000 0.000000 0.000000 0.000000 0.000000
-1.999364 0.050423 -21.999364 0.000000 0.000000 0.000000 0.025219 0.998728 0.025219 0.000000 0.000000 0.000000 0.000000 0.000000 0.000000 0.000000
-1.997478 0.100275 -21.997478 0.000000 0.000000 0.000000 0.050201 0.994960 0.050201 0.000000 0.000000 0.000000 0.000000 0.000000 0.000000 0.000000
-1.994344 0.149877 -21.994344 0.000000 0.000000 0.000000 0.075151 0.988705 0.075151 0.000000 0.000000 0.000000 0.000000 0.000000 0.000000 0.000000
-1.989964 0.199105 -21.989964 0.000000 0.000000 0.000000 0.100054 0.979978 0.100054 0.000000 0.000000 0.000000 0.000000 0.000000 0.000000 0.000000
-1.984340 0.247834 -21.984340 0.000000 0.000000 0.000000 0.124895 0.968802 0.124895 0.000000 0.000000 0.000000 0.000000 0.000000 0.000000 0.000000
-1.977476 0.295944 -21.977476 0.000000 0.000000 0.000000 0.149658 0.955205 0.149658 0.000000 0.000000 0.000000 0.000000 0.000000 0.000000 0.000000
-1.969376 0.343315 -21.969376 0.000000 0.000000 0.000000 0.174327 0.939220 0.174327 0.000000 0.000000 0.000000 0.000000 0.000000 0.000000 0.000000
-1.960045 0.389827 -21.960045 0.000000 0.000000 0.000000 0.198887 0.920888 0.198887 0.000000 0.000000 0.000000 0.000000 0.000000 0.000000 0.000000
-1.949489 0.435365 -21.949489 0.000000 0.000000 0.000000 0.223323 0.900254 0.223323 0.000000 0.000000 0.000000 0.000000 0.000000 0.000000 0.000000
-1.937715 0.479815 -21.937715 0.000000 0.000000 0.000000 0.247619 0.877370 0.247619 0.000000 0.000000 0.000000 0.000000 0.000000 0.000000 0.000000
-1.924730 0.523066 -21.924730 0.000000 0.000000 0.000000 0.271761 0.852292 0.271761 0.000000 0.000000 0.000000 0.000000 0.000000 0.000000 0.000000
-1.910542 0.565009 -21.910542 0.000000 0.000000 0.000000 0.295732 0.825085 0.295732 0.000000 0.000000 0.000000 0.000000 0.000000 0.000000 0.000000
-1.895160 0.605540 -21.895160 0.000000 0.000000 0.000000 0.319519 0.795815 0.319519 0.000000 0.000000 0.000000 0.000000 0.000000 0.000000 0.000000
-1.878593 0.644557 -21.878593 0.000000 0.000000 0.000000 0.343106 0.764556 0.343106 0.000000 0.000000 0.000000 0.000000 0.000000 0.000000 0.000000
-1.860853 0.681964 -21.860853 0.000000 0.000000 0.000000 0.366479 0.731386 0.366479 0.000000 0.000000 0.000000 0.000000 0.000000 0.000000 0.000000
-1.841949 0.717665 -21.841949 0.000000 0.000000 0.000000 0.389623 0.696388 0.389623 0.000000 0.000000 0.000000 0.000000 0.000000 0.000000 0.000000
-1.821894 0.751573 -21.821894 0.000000 0.000000 0.000000 0.412523 0.659649 0.412523 0.000000 0.000000 0.000000 0.000000 0.000000 0.000000 0.000000
-1.800701 0.783603 -21.800701 0.000000 0.000000 0.000000 0.435165 0.621262 0.435165 0.000000 0.000000 0.000000 0.000000 0.000000 0.000000 0.000000
-1.778382 0.813674 -21.778382 0.000000 0.000000 0.000000 0.457536 0.581322 0.457536 0.000000 0.000000 0.000000 0.000000 0.000000 0.000000 0.000000
-1.754952 0.841711 -21.754952 0.000000 0.000000 0.000000 0.479620 0.539929 0.479620 0.000000 0.000000 0.000000 0.000000 0.000000 0.000000 0.000000
-1.730425 0.867644 -21.730425 0.000000 0.000000 0.000000 0.501405 0.497186 0.501405 0.000000 0.000000 0.000000 0.000000 0.000000 0.000000 0.000000
-1.704817 0.891409 -21.704817 0.000000 0.000000 0.000000 0.522877 0.453200 0.522877 0.000000 0.000000 0.000000 0.000000 0.000000 0.000000 0.000000
-1.678143 0.912945 -21.678143 0.000000 0.000000 0.000000 0.544021 0.408082 0.544021 0.000000 0.000000 0.000000 0.000000 0.000000 0.000000 0.000000
-1.650420 0.932200 -21.650420 0.000000 0.000000 0.000000 0.564826 0.361944 0.564826 0.000000 0.000000 0.000000 0.000000 0.000000 0.000000 0.000000
-1.621666 0.949125 -21.621666 0.000000 0.000000 0.000000 0.585277 0.314901 0.585277 0.000000 0.000000 0.000000 0.000000 0.000000 0.000000 0.000000
-1.591899 0.963677 -21.591899 0.000000 0.000000 0.000000 0.605363 0.267071 0.605363 0.000000 0.000000 0.000000 0.000000 0.000000 0.000000 0.000000
-1.561136 0.975821 -21.561136 0.000000 0.000000 0.000000 0.625071 0.218573 0.625071 0.000000 0.000000 0.000000 0.000000 0.000000 0.000000 0.000000
-1.529398 0.985525 -21.529398 0.000000 0.000000 0.000000 0.644387 0.169530 0.644387 0.000000 0.000000 0.000000 0.000000 0.000000 0.000000 0.000000
-1.496704 0.992766 -21.496704 0.000000 0.000000 0.000000 0.663302 0.120062 0.663302 0.000000 0.000000 0.000000 0.000000 0.000000 0.000000 0.000000
-1.463075 0.997526 -21.463075 0.000000 0.000000 0.000000 0.681801 0.070294 0.681801 0.000000 0.000000 0.000000 0.000000 0.000000 0.000000 0.000000
-1.428531 0.999793 -21.428531 0.000000 0.000000 0.000000 0.699875 0.020351 0.699875 0.000000 0.000000 0.000000 0.000000 0.000000 0.000000 0.000000
-1.393095 0.999561 -21.393095 0.000000 0.000000 0.000000 0.717511 -0.029643 0.717511 0.000000 0.000000 0.000000 0.000000 0.000000 0.000000 0.000000
-1.356788 0.996830 -21.356788 0.000000 0.000000 0.000000 0.734698 -0.079564 0.734698 0.000000 0.000000 0.000000 0.000000 0.000000 0.000000 0.000000
-1.319633 0.991607 -21.319633 0.000000 0.000000 0.000000 0.751427 -0.129285 0.751427 0.000000 0.000000 0.000000 0.000000 0.000000 0.000000 0.000000
-1.281653 0.983907 -21.281653 0.000000 0.000000 0.000000 0.767686 -0.178683 0.767686 0.000000 0.000000 0.000000 0.000000 0.000000 0.000000 0.000000
-1.242872 0.973747 -21.242872 0.000000 0.000000 0.000000 0.783465 -0.227635 0.783465 0.000000 0.000000 0.000000 0.000000 0.000000 0.000000 0.000000
-1.203315 0.961153 -21.203315 0.000000 0.000000 0.000000 0.798754 -0.276017 0.798754 0.000000 0.000000 0.000000 0.000000 0.000000 0.000000 0.000000
-1.163005 0.946156 -21.163005 0.000000 0.000000 0.000000 0.813545 -0.323710 0.813545 0.000000 0.000000 0.000000 0.000000 0.000000 0.000000 0.000000
-1.121969 0.928795 -21.121969 0.000000 0.000000 0.000000 0.827826 -0.370593 0.827826 0.000000 0.000000 0.000000 0.000000 0.000000 0.000000 0.000000
-1.080231 0.909113 -21.080231 0.000000 0.000000 0.000000 0.841591 -0.416551 0.841591 0.000000 0.000000 0.000000 0.000000 0.000000 0.000000 0.000000
-1.037818 0.887158 -21.037818 0.000000 0.000000 0.000000 0.854829 -0.461467 0.854829 0.000000 0.000000 0.000000 0.000000 0.000000 0.000000 0.000000
-0.994757 0.862985 -20.994757 0.000000 0.000000 0.000000 0.867534 -0.505229 0.867534 0.000000 0.000000 0.000000 0.000000 0.000000 0.000000 0.000000
-0.951074 0.836656 -20.951074 0.000000 0.000000 0.000000 0.879696 -0.547729 0.879696 0.000000 0.000000 0.000000 0.000000 0.000000 0.000000 0.000000
-0.906796 0.808235 -20.906796 0.000000 0.000000 0.000000 0.891308 -0.588860 0.891308 0.000000 0.000000 0.000000 0.000000 0.000000 0.000000 0.000000
-0.861952 0.777794 -20.861952 0.000000 0.000000 0.000000 0.902363 -0.628519 0.902363 0.000000 0.000000 0.000000 0.000000 0.000000 0.000000 0.000000
-0.816570 0.745409 -20.816570 0.000000 0.000000 0.000000 0.912855 -0.666607 0.912855 0.000000 0.000000 0.000000 0.000000 0.000000 0.000000 0.000000
-0.770676 0.711161 -20.770676 0.000000 0.000000 0.000000 0.922775 -0.703029 0.922775 0.000000 0.000000 0.000000 0.000000 0.000000 0.000000 0.000000
-0.724302 0.675136 -20.724302 0.000000 0.000000 0.000000 0.932120 -0.737694 0.932120 0.000000 0.000000 0.000000 0.000000 0.000000 0.000000 0.000000
-0.677474 0.637423 -20.677474 0.000000 0.000000 0.000000 0.940881 -0.770514 0.940881 0.000000 0.000000 0.000000 0.000000 0.000000 0.000000 0.000000
-0.630223 0.598116 -20.630223 0.000000 0.000000 0.000000 0.949055 -0.801409 0.949055 0.000000 0.000000 0.000000 0.000000 0.000000 0.000000 0.000000
-0.582579 0.557315 -20.582579 0.000000 0.000000 0.000000 0.956635 -0.830301 0.956635 0.000000 0.000000 0.000000 0.000000 0.000000 0.000000 0.000000
-0.534570 0.515121 -20.534570 0.000000 0.000000 0.000000 0.963618 -0.857118 0.963618 0.000000 0.000000 0.000000 0.000000 0.000000 0.000000 0.000000
-0.486227 0.471639 -20.486227 0.000000 0.000000 0.000000 0.969998 -0.881792 0.969998 0.000000 0.000000 0.000000 0.000000 0.000000 0.000000 0.000000
-0.437580 0.426978 -20.437580 0.000000 0.000000 0.000000 0.975772 -0.904262 0.975772 0.000000 0.000000 0.000000 0.000000 0.000000 0.000000 0.000000
-0.388660 0.381250 -20.388660 0.000000 0.000000 0.000000 0.980936 -0.924472 0.980936 0.000000 0.000000 0.000000 0.000000 0.000000 0.000000 0.000000
-0.339497 0.334570 -20.339497 0.000000 0.000000 0.000000 0.985487 -0.942371 0.985487 0.000000 0.000000 0.000000 0.000000 0.000000 0.000000 0.000000
-0.290121 0.287053 -20.290121 0.000000 0.000000 0.000000 0.989423 -0.957915 0.989423 0.000000 0.000000 0.000000 0.000000 0.000000 0.000000 0.000000
-0.240565 0.238818 -20.240565 0.000000 0.000000 0.000000 0.992740 -0.971064 0.992740 0.000000 0.000000 0.000000 0.000000 0.000000 0.000000 0.000000
-0.190858 0.189987 -20.190858 0.000000 0.000000 0.000000 0.995436 -0.981787 0.995436 0.000000 0.000000 0.000000 0.000000 0.000000 0.000000 0.000000
-0.141031 0.140680 -20.141031 0.000000 0.000000 0.000000 0.997511 -0.990055 0.997511 0.000000 0.000000 0.000000 0.000000 0.000000 0.000000 0.000000
-0.091117 0.091022 -20.091117 0.000000 0.000000 0.000000 0.998962 -0.995849 0.998962 0.000000 0.000000 0.000000 0.000000 0.000000 0.000000 0.000000
-0.041146 0.041137 -20.041146 0.000000 0.000000 0.000000 0.999788 -0.999154 0.999788 0.000000 0.000000 0.000000 0.000000 0.000000 0.000000 0.000000
0.008851 -0.008851 -19.991149 0.000000 0.000000 0.000000 0.999990 -0.999961 0.999990 0.000000 0.000000 0.000000 0.000000 0.000000 0.000000 0.000000
0.058843 -0.058817 -19.941157 0.000000 0.000000 0.000000 0.999567 -0.998269 0.999567 0.000000 0.000000 0.000000 0.000000 0.000000 0.000000 0.000000
0.108798 -0.108637 -19.891202 0.000000 0.000000 0.000000 0.998519 -0.994082 0.998519 0.000000 0.000000 0.000000 0.000000 0.000000 0.000000 0.000000
0.158684 -0.158184 -19.841316 0.000000 0.000000 0.000000 0.996847 -0.987410 0.996847 0.000000 0.000000 0.000000 0.000000 0.000000 0.000000 0.000000
0.208472 -0.207336 -19.791528 0.000000 0.000000 0.000000 0.994553 -0.978270 0.994553 0.000000 0.000000 0.000000 0.000000 0.000000 0.000000 0.000000
0.258129 -0.255970 -19.741871 0.000000 0.000000 0.000000 0.991636 -0.966685 0.991636 0.000000 0.000000 0.000000 0.000000 0.000000 0.000000 0.000000
0.307625 -0.303965 -19.692375 0.000000 0.000000 0.000000 0.988100 -0.952683 0.988100 0.000000 0.000000 0.000000 0.000000 0.000000 0.000000 0.000000
0.356929 -0.351199 -19.643071 0.000000 0.000000 0.000000 0.983946 -0.936301 0.983946 0.000000 0.000000 0.000000 0.000000 0.000000 0.000000 0.000000
0.406010 -0.397556 -19.593990 0.000000 0.000000 0.000000 0.979178 -0.917578 0.979178 0.000000 0.000000 0.000000 0.000000 0.000000 0.000000 0.000000
0.454837 -0.442919 -19.545163 0.000000 0.000000 0.000000 0.973797 -0.896562 0.973797 0.000000 0.000000 0.000000 0.000000 0.000000 0.000000 0.000000
0.503379 -0.487175 -19.496621 0.000000 0.000000 0.000000 0.967808 -0.873305 0.967808 0.000000 0.000000 0.000000 0.000000 0.000000 0.000000 0.000000
0.551607 -0.530213 -19.448393 0.000000 0.000000 0.000000 0.961214 -0.847865 0.961214 0.000000 0.000000 0.000000 0.000000 0.000000 0.000000 0.000000
0.599491 -0.571926 -19.400509 0.000000 0.000000 0.000000 0.954019 -0.820305 0.954019 0.000000 0.000000 0.000000 0.000000 0.000000 0.000000 0.000000
0.646999 -0.612209 -19.353001 0.000000 0.000000 0.000000 0.946228 -0.790696 0.946228 0.000000 0.000000 0.000000 0.000000 0.000000 0.000000 0.000000
0.694104 -0.650962 -19.305896 0.000000 0.000000 0.000000 0.937846 -0.759110 0.937846 0.000000 0.000000 0.000000 0.000000 0.000000 0.000000 0.000000
0.740774 -0.688088 -19.259226 0.000000 0.000000 0.000000 0.928877 -0.725627 0.928877 0.000000 0.000000 0.000000 0.000000 0.000000 0.000000 0.000000
0.786982 -0.723495 -19.213018 0.000000 0.000000 0.000000 0.919329 -0.690330 0.919329 0.000000 0.000000 0.000000 0.000000 0.000000 0.000000 0.000000
0.832697 -0.757093 -19.167303 0.000000 0.000000 0.000000 0.909205 -0.653307 0.909205 0.000000 0.000000 0.000000 0.000000 0.000000 0.000000 0.000000
0.877893 -0.788798 -19.122107 0.000000 0.000000 0.000000 0.898513 -0.614652 0.898513 0.000000 0.000000 0.000000 0.000000 0.000000 0.000000 0.000000
0.922539 -0.818532 -19.077461 0.000000 0.000000 0.000000 0.887260 -0.574461 0.887260 0.000000 0.000000 0.000000 0.000000 0.000000 0.000000 0.000000
0.966610 -0.846220 -19.033390 0.000000 0.000000 0.000000 0.875452 -0.532833 0.875452 0.000000 0.000000 0.000000 0.000000 0.000000 0.000000 0.000000
1.010076 -0.871793 -18.989924 0.000000 0.000000 0.000000 0.863097 -0.489874 0.863097 0.000000 0.000000 0.000000 0.000000 0.000000 0.000000 0.000000
1.052910 -0.895187 -18.947090 0.000000 0.000000 0.000000 0.850203 -0.445690 0.850203 0.000000 0.000000 0.000000 0.000000 0.000000 0.000000 0.000000
1.095087 -0.916344 -18.904913 0.000000 0.000000 0.000000 0.836777 -0.400392 0.836777 0.000000 0.000000 0.000000 0.000000 0.000000 0.000000 0.000000
1.136579 -0.935210 -18.863421 0.000000 0.000000 0.000000 0.822829 -0.354094 0.822829 0.000000 0.000000 0.000000 0.000000 0.000000 0.000000 0.000000
1.177361 -0.951738 -18.822639 0.000000 0.000000 0.000000 0.808366 -0.306910 0.808366 0.000000 0.000000 0.000000 0.000000 0.000000 0.000000 0.000000
1.217407 -0.965888 -18.782593 0.000000 0.000000 0.000000 0.793398 -0.258960 0.793398 0.000000 0.000000 0.000000 0.000000 0.000000 0.000000 0.000000
1.256693 -0.977624 -18.743307 0.000000 0.000000 0.000000 0.777934 -0.210362 0.777934 0.000000 0.000000 0.000000 0.000000 0.000000 0.000000 0.000000
1.295193 -0.986916 -18.704807 0.000000 0.000000 0.000000 0.761984 -0.161238 0.761984 0.000000 0.000000 0.000000 0.000000 0.000000 0.000000 0.000000
1.332883 -0.993741 -18.667117 0.000000 0.000000 0.000000 0.745557 -0.111711 0.745557 0.000000 0.000000 0.000000 0.000000 0.000000 0.000000 0.000000
1.369741 -0.998082 -18.630259 0.000000 0.000000 0.000000 0.728665 -0.061905 0.728665 0.000000 0.000000 0.000000 0.000000 0.000000 0.000000 0.000000
1.405742 -0.999929 -18.594258 0.000000 0.000000 0.000000 0.711317 -0.011945 0.711317 0.000000 0.000000 0.000000 0.000000 0.000000 0.000000 0.000000
1.440865 -0.999276 -18.559135 0.000000 0.000000 0.000000 0.693525 0.038046 0.693525 0.000000 0.000000 0.000000 0.000000 0.000000 0.000000 0.000000
1.475087 -0.996126 -18.524913 0.000000 0.000000 0.000000 0.675299 0.087941 0.675299 0.000000 0.000000 0.000000 0.000000 0.000000 0.000000 0.000000
1.508388 -0.990486 -18.491612 0.000000 0.000000 0.000000 0.656652 0.137617 0.656652 0.000000 0.000000 0.000000 0.000000 0.000000 0.000000 0.000000
1.540746 -0.982370 -18.459254 0.000000 0.000000 0.000000 0.637594 0.186949 0.637594 0.000000 0.000000 0.000000 0.000000 0.000000 0.000000 0.000000
1.572141 -0.971798 -18.427859 0.000000 0.000000 0.000000 0.618137 0.235813 0.618137 0.000000 0.000000 0.000000 0.000000 0.000000 0.000000 0.000000
1.602553 -0.958798 -18.397447 0.000000 0.000000 0.000000 0.598294 0.284088 0.598294 0.000000 0.000000 0.000000 0.000000 0.000000 0.000000 0.000000
1.631964 -0.943401 -18.368036 0.000000 0.000000 0.000000 0.578077 0.331653 0.578077 0.000000 0.000000 0.000000 0.000000 0.000000 0.000000 0.000000
1.660355 -0.925647 -18.339645 0.000000 0.000000 0.000000 0.557499 0.378389 0.557499 0.000000 0.000000 0.000000 0.000000 0.000000 0.000000 0.000000
1.687708 -0.905578 -18.312292 0.000000 0.000000 0.000000 0.536573 0.424179 0.536573 0.000000 0.000000 0.000000 0.000000 0.000000 0.000000 0.000000
1.714006 -0.883247 -18.285994 0.000000 0.000000 0.000000 0.515311 0.468909 0.515311 0.000000 0.000000 0.000000 0.000000 0.000000 0.000000 0.000000
1.739234 -0.858707 -18.260766 0.000000 0.000000 0.000000 0.493727 0.512467 0.493727 0.000000 0.000000 0.000000 0.000000 0.000000 0.000000 0.000000
1.763374 -0.832021 -18.236626 0.000000 0.000000 0.000000 0.471835 0.554744 0.471835 0.000000 0.000000 0.000000 0.000000 0.000000 0.000000 0.000000
1.786412 -0.803256 -18.213588 0.000000 0.000000 0.000000 0.449647 0.595634 0.449647 0.000000 0.000000 0.000000 0.000000 0.000000 0.000000 0.000000
1.808334 -0.772483 -18.191666 0.000000 0.000000 0.000000 0.427179 0.635036 0.427179 0.000000 0.000000 0.000000 0.000000 0.000000 0.000000 0.000000
1.829126 -0.739779 -18.170874 0.000000 0.000000 0.000000 0.404444 0.672850 0.404444 0.000000 0.000000 0.000000 0.000000 0.000000 0.000000 0.000000
1.848774 -0.705226 -18.151226 0.000000 0.000000 0.000000 0.381456 0.708983 0.381456 0.000000 0.000000 0.000000 0.000000 0.000000 0.000000 0.000000
1.867267 -0.668910 -18.132733 0.000000 0.000000 0.000000 0.358229 0.743344 0.358229 0.000000 0.000000 0.000000 0.000000 0.000000 0.000000 0.000000
1.884593 -0.630922 -18.115407 0.000000 0.000000 0.000000 0.334779 0.775846 0.334779 0.000000 0.000000 0.000000 0.000000 0.000000 0.000000 0.000000
1.900742 -0.591358 -18.099258 0.000000 0.000000 0.000000 0.311119 0.806409 0.311119 0.000000 0.000000 0.000000 0.000000 0.000000 0.000000 0.000000
1.915702 -0.550315 -18.084298 0.000000 0.000000 0.000000 0.287265 0.834957 0.287265 0.000000 0.000000 0.000000 0.000000 0.000000 0.000000 0.000000
1.929465 -0.507897 -18.070535 0.000000 0.000000 0.000000 0.263232 0.861418 0.263232 0.000000 0.000000 0.000000 0.000000 0.000000 0.000000 0.000000
1.942023 -0.464209 -18.057977 0.000000 0.000000 0.000000 0.239034 0.885726 0.239034 0.000000 0.000000 0.000000 0.000000 0.000000 0.000000 0.000000
1.953366 -0.419361 -18.046634 0.000000 0.000000 0.000000 0.214686 0.907820 0.214686 0.000000 0.000000 0.000000 0.000000 0.000000 0.000000 0.000000
1.963489 -0.373465 -18.036511 0.000000 0.000000 0.000000 0.190205 0.927644 0.190205 0.000000 0.000000 0.000000 0.000000 0.000000 0.000000 0.000000
1.972385 -0.326635 -18.027615 0.000000 0.000000 0.000000 0.165604 0.945151 0.165604 0.000000 0.000000 0.000000 0.000000 0.000000 0.000000 0.000000
1.980048 -0.278989 -18.019952 0.000000 0.000000 0.000000 0.140900 0.960294 0.140900 0.000000 0.000000 0.000000 0.000000 0.000000 0.000000 0.000000
1.986473 -0.230646 -18.013527 0.000000 0.000000 0.000000 0.116108 0.973038 0.116108 0.000000 0.000000 0.000000 0.000000 0.000000 0.000000 0.000000
1.991657 -0.181726 -18.008343 0.000000 0.000000 0.000000 0.091244 0.983349 0.091244 0.000000 0.000000 0.000000 0.000000 0.000000 0.000000 0.000000
1.995597 -0.132352 -18.004403 0.000000 0.000000 0.000000 0.066322 0.991203 0.066322 0.000000 0.000000 0.000000 0.000000 0.000000 0.000000 0.000000
1.998289 -0.082647 -18.001711 0.000000 0.000000 0.000000 0.041359 0.996579 0.041359 0.000000 0.000000 0.000000 0.000000 0.000000 0.000000 0.000000
1.999732 -0.032735 -18.000268 0.000000 0.000000 0.000000 0.016370 0.999464 0.016370 0.000000 0.000000 0.000000 0.000000 0.000000 0.000000 0.000000
1.999926 0.017258 -18.000074 0.000000 0.000000 0.000000 -0.008629 0.999851 -0.008629 0.000000 0.000000 0.000000 0.000000 0.000000 0.000000 0.000000
1.998869 0.067208 -18.001131 0.000000 0.000000 0.000000 -0.033623 0.997739 -0.033623 0.000000 0.000000 0.000000 0.000000 0.000000 0.000000 0.000000
1.996564 0.116990 -18.003436 0.000000 0.000000 0.000000 -0.058596 0.993133 -0.058596 0.000000 0.000000 0.000000 0.000000 0.000000 0.000000 0.000000
1.993010 0.166480 -18.006990 0.000000 0.000000 0.000000 -0.083532 0.986045 -0.083532 0.000000 0.000000 0.000000 0.000000 0.000000 0.000000 0.000000
1.988211 0.215554 -18.011789 0.000000 0.000000 0.000000 -0.108416 0.976492 -0.108416 0.000000 0.000000 0.000000 0.000000 0.000000 0.000000 0.000000
1.982170 0.264089 -18.017830 0.000000 0.000000 0.000000 -0.133232 0.964498 -0.133232 0.000000 0.000000 0.000000 0.000000 0.000000 0.000000 0.000000
1.974889 0.311963 -18.025111 0.000000 0.000000 0.000000 -0.157965 0.950094 -0.157965 0.000000 0.000000 0.000000 0.000000 0.000000 0.000000 0.000000
1.966375 0.359058 -18.033625 0.000000 0.000000 0.000000 -0.182599 0.933315 -0.182599 0.000000 0.000000 0.000000 0.000000 0.000000 0.000000 0.000000
1.956631 0.405256 -18.043369 0.000000 0.000000 0.000000 -0.207119 0.914203 -0.207119 0.000000 0.000000 0.000000 0.000000 0.000000 0.000000 0.000000
1.945665 0.450441 -18.054335 0.000000 0.000000 0.000000 -0.231510 0.892806 -0.231510 0.000000 0.000000 0.000000 0.000000 0.000000 0.000000 0.000000
1.933483 0.494499 -18.066517 0.000000 0.000000 0.000000 -0.255756 0.869178 -0.255756 0.000000 0.000000 0.000000 0.000000 0.000000 0.000000 0.000000
1.920092 0.537322 -18.079908 0.000000 0.000000 0.000000 -0.279842 0.843377 -0.279842 0.000000 0.000000 0.000000 0.000000 0.000000 0.000000 0.000000
1.905502 0.578802 -18.094498 0.000000 0.000000 0.000000 -0.303753 0.815468 -0.303753 0.000000 0.000000 0.000000 0.000000 0.000000 0.000000 0.000000
1.889720 0.618835 -18.110280 0.000000 0.000000 0.000000 -0.327474 0.785521 -0.327474 0.000000 0.000000 0.000000 0.000000 0.000000 0.000000 0.000000
1.872758 0.657321 -18.127242 0.000000 0.000000 0.000000 -0.350991 0.753610 -0.350991 0.000000 0.000000 0.000000 0.000000 0.000000 0.000000 0.000000
1.854625 0.694165 -18.145375 0.000000 0.000000 0.000000 -0.374289 0.719816 -0.374289 0.000000 0.000000 0.000000 0.000000 0.000000 0.000000 0.000000
1.835333 0.729273 -18.164667 0.000000 0.000000 0.000000 -0.397352 0.684223 -0.397352 0.000000 0.000000 0.000000 0.000000 0.000000 0.000000 0.000000
1.814894 0.762558 -18.185106 0.000000 0.000000 0.000000 -0.420167 0.646919 -0.420167 0.000000 0.000000 0.000000 0.000000 0.000000 0.000000 0.000000
1.793320 0.793938 -18.206680 0.000000 0.000000 0.000000 -0.442720 0.607999 -0.442720 0.000000 0.000000 0.000000 0.000000 0.000000 0.000000 0.000000
1.770626 0.823333 -18.229374 0.000000 0.000000 0.000000 -0.464995 0.567559 -0.464995 0.000000 0.000000 0.000000 0.000000 0.000000 0.000000 0.000000
1.746826 0.850670 -18.253174 0.000000 0.000000 0.000000 -0.486981 0.525700 -0.486981 0.000000 0.000000 0.000000 0.000000 0.000000 0.000000 0.000000
1.721933 0.875881 -18.278067 0.000000 0.000000 0.000000 -0.508661 0.482527 -0.508661 0.000000 0.000000 0.000000 0.000000 0.000000 0.000000 0.000000
1.695965 0.898903 -18.304035 0.000000 0.000000 0.000000 -0.530024 0.438148 -0.530024 0.000000 0.000000 0.000000 0.000000 0.000000 0.000000 0.000000
1.668936 0.919678 -18.331064 0.000000 0.000000 0.000000 -0.551056 0.392674 -0.551056 0.000000 0.000000 0.000000 0.000000 0.000000 0.000000 0.000000
1.640865 0.938154 -18.359135 0.000000 0.000000 0.000000 -0.571744 0.346219 -0.571744 0.000000 0.000000 0.000000 0.000000 0.000000 0.000000 0.000000
1.611768 0.954285 -18.388232 0.000000 0.000000 0.000000 -0.592074 0.298898 -0.592074 0.000000 0.000000 0.000000 0.000000 0.000000 0.000000 0.000000
1.581664 0.968031 -18.418336 0.000000 0.000000 0.000000 -0.612034 0.250830 -0.612034 0.000000 0.000000 0.000000 0.000000 0.000000 0.000000 0.000000
1.550571 0.979358 -18.449429 0.000000 0.000000 0.000000 -0.631611 0.202135 -0.631611 0.000000 0.000000 0.000000 0.000000 0.000000 0.000000 0.000000
1.518509 0.988236 -18.481491 0.000000 0.000000 0.000000 -0.650794 0.152935 -0.650794 0.000000 0.000000 0.000000 0.000000 0.000000 0.000000 0.000000
1.485498 0.994645 -18.514502 0.000000 0.000000 0.000000 -0.669570 0.103353 -0.669570 0.000000 0.000000 0.000000 0.000000 0.000000 0.000000 0.000000
1.451559 0.998567 -18.548441 0.000000 0.000000 0.000000 -0.687927 0.053512 -0.687927 0.000000 0.000000 0.000000 0.000000 0.000000 0.000000 0.000000
1.416713 0.999994 -18.583287 0.000000 0.000000 0.000000 -0.705855 0.003538 -0.705855 0.000000 0.000000 0.000000 0.000000 0.000000 0.000000 0.000000
1.380981 0.998921 -18.619019 0.000000 0.000000 0.000000 -0.723341 -0.046446 -0.723341 0.000000 0.000000 0.000000 0.000000 0.000000 0.000000 0.000000
1.344386 0.995351 -18.655614 0.000000 0.000000 0.000000 -0.740376 -0.096313 -0.740376 0.000000 0.000000 0.000000 0.000000 0.000000 0.000000 0.000000
1.306951 0.989294 -18.693049 0.000000 0.000000 0.000000 -0.756948 -0.145939 -0.756948 0.000000 0.000000 0.000000 0.000000 0.000000 0.000000 0.000000
1.268699 0.980763 -18.731301 0.000000 0.000000 0.000000 -0.773046 -0.195201 -0.773046 0.000000 0.000000 0.000000 0.000000 0.000000 0.000000 0.000000
1.229655 0.969782 -18.770345 0.000000 0.000000 0.000000 -0.788662 -0.243975 -0.788662 0.000000 0.000000 0.000000 0.000000 0.000000 0.000000 0.000000
1.189841 0.956376 -18.810159 0.000000 0.000000 0.000000 -0.803784 -0.292139 -0.803784 0.000000 0.000000 0.000000 0.000000 0.000000 0.000000 0.000000
1.149284 0.940580 -18.850716 0.000000 0.000000 0.000000 -0.818405 -0.339573 -0.818405 0.000000 0.000000 0.000000 0.000000 0.000000 0.000000 0.000000
1.108009 0.922433 -18.891991 0.000000 0.000000 0.000000 -0.832514 -0.386158 -0.832514 0.000000 0.000000 0.000000 0.000000 0.000000 0.000000 0.000000
1.066042 0.901980 -18.933958 0.000000 0.000000 0.000000 -0.846102 -0.431777 -0.846102 0.000000 0.000000 0.000000 0.000000 0.000000 0.000000 0.000000
1.023408 0.879273 -18.976592 0.000000 0.000000 0.000000 -0.859162 -0.476318 -0.859162 0.000000 0.000000 0.000000 0.000000 0.000000 0.000000 0.000000
0.980135 0.854368 -19.019865 0.000000 0.000000 0.000000 -0.871685 -0.519668 -0.871685 0.000000 0.000000 0.000000 0.000000 0.000000 0.000000 0.000000
0.936249 0.827328 -19.063751 0.000000 0.000000 0.000000 -0.883663 -0.561719 -0.883663 0.000000 0.000000 0.000000 0.000000 0.000000 0.000000 0.000000
0.891778 0.798220 -19.108222 0.000000 0.000000 0.000000 -0.895088 -0.602366 -0.895088 0.000000 0.000000 0.000000 0.000000 0.000000 0.000000 0.000000
0.846749 0.767116 -19.153251 0.000000 0.000000 0.000000 -0.905955 -0.641508 -0.905955 0.000000 0.000000 0.000000 0.000000 0.000000 0.000000 0.000000
0.801191 0.734096 -19.198809 0.000000 0.000000 0.000000 -0.916255 -0.679046 -0.916255 0.000000 0.000000 0.000000 0.000000 0.000000 0.000000 0.000000
0.755133 0.699240 -19.244867 0.000000 0.000000 0.000000 -0.925982 -0.714887 -0.925982 0.000000 0.000000 0.000000 0.000000 0.000000 0.000000 0.000000
0.708603 0.662637 -19.291397 0.000000 0.000000 0.000000 -0.935131 -0.748941 -0.935131 0.000000 0.000000 0.000000 0.000000 0.000000 0.000000 0.000000
0.661630 0.624377 -19.338370 0.000000 0.000000 0.000000 -0.943696 -0.781123 -0.943696 0.000000 0.000000 0.000000 0.000000 0.000000 0.000000 0.000000
0.614243 0.584557 -19.385757 0.000000 0.000000 0.000000 -0.951670 -0.811353 -0.951670 0.000000 0.000000 0.000000 0.000000 0.000000 0.000000 0.000000
0.566473 0.543276 -19.433527 0.000000 0.000000 0.000000 -0.959050 -0.839554 -0.959050 0.000000 0.000000 0.000000 0.000000 0.000000 0.000000 0.000000
0.518348 0.500636 -19.481652 0.000000 0.000000 0.000000 -0.965831 -0.865658 -0.965831 0.000000 0.000000 0.000000 0.000000 0.000000 0.000000 0.000000
0.469900 0.456746 -19.530100 0.000000 0.000000 0.000000 -0.972008 -0.889597 -0.972008 0.000000 0.000000 0.000000 0.000000 0.000000 0.000000 0.000000
0.421157 0.411714 -19.578843 0.000000 0.000000 0.000000 -0.977577 -0.911313 -0.977577 0.000000 0.000000 0.000000 0.000000 0.000000 0.000000 0.000000
0.372152 0.365653 -19.627848 0.000000 0.000000 0.000000 -0.982535 -0.930751 -0.982535 0.000000 0.000000 0.000000 0.000000 0.000000 0.000000 0.000000
0.322914 0.318677 -19.677086 0.000000 0.000000 0.000000 -0.986880 -0.947863 -0.986880 0.000000 0.000000 0.000000 0.000000 0.000000 0.000000 0.000000
0.273474 0.270906 -19.726526 0.000000 0.000000 0.000000 -0.990607 -0.962606 -0.990607 0.000000 0.000000 0.000000 0.000000 0.000000 0.000000 0.000000
0.223864 0.222457 -19.776136 0.000000 0.000000 0.000000 -0.993716 -0.974943 -0.993716 0.000000 0.000000 0.000000 0.000000 0.000000 0.000000 0.000000
0.174113 0.173452 -19.825887 0.000000 0.000000 0.000000 -0.996203 -0.984842 -0.996203 0.000000 0.000000 0.000000 0.000000 0.000000 0.000000 0.000000
0.124254 0.124014 -19.875746 0.000000 0.000000 0.000000 -0.998068 -0.992280 -0.998068 0.000000 0.000000 0.000000 0.000000 0.000000 0.000000 0.000000
0.074317 0.074265 -19.925683 0.000000 0.000000 0.000000 -0.999309 -0.997239 -0.999309 0.000000 0.000000 0.000000 0.000000 0.000000 0.000000 0.000000
0.024333 0.024331 -19.975667 0.000000 0.000000 0.000000 -0.999926 -0.999704 -0.999926 0.000000 0.000000 0.000000 0.000000 0.000000 0.000000 0.000000
-0.025665 -0.025663 -20.025665 0.000000 0.000000 0.000000 -0.999918 -0.999671 -0.999918 0.000000 0.000000 0.000000 0.000000 0.000000 0.000000 0.000000
-0.075648 -0.075594 -20.075648 0.000000 0.000000 0.000000 -0.999284 -0.997139 -0.999284 0.000000 0.000000 0.000000 0.000000 0.000000 0.000000 0.000000
-0.125583 -0.125336 -20.125583 0.000000 0.000000 0.000000 -0.998027 -0.992114 -0.998027 0.000000 0.000000 0.000000 0.000000 0.000000 0.000000 0.000000
-0.175440 -0.174764 -20.175440 0.000000 0.000000 0.000000 -0.996145 -0.984610 -0.996145 0.000000 0.000000 0.000000 0.000000 0.000000 0.000000 0.000000
-0.225188 -0.223756 -20.225188 0.000000 0.000000 0.000000 -0.993641 -0.974645 -0.993641 0.000000 0.000000 0.000000 0.000000 0.000000 0.000000 0.000000
-0.274794 -0.272188 -20.274794 0.000000 0.000000 0.000000 -0.990516 -0.962244 -0.990516 0.000000 0.000000 0.000000 0.000000 0.000000 0.000000 0.000000
-0.324229 -0.319940 -20.324229 0.000000 0.000000 0.000000 -0.986772 -0.947438 -0.986772 0.000000 0.000000 0.000000 0.000000 0.000000 0.000000 0.000000
-0.373461 -0.366892 -20.373461 0.000000 0.000000 0.000000 -0.982411 -0.930263 -0.982411 0.000000 0.000000 0.000000 0.000000 0.000000 0.000000 0.000000
-0.422460 -0.412928 -20.422460 0.000000 0.000000 0.000000 -0.977436 -0.910764 -0.977436 0.000000 0.000000 0.000000 0.000000 0.000000 0.000000 0.000000
-0.471194 -0.457931 -20.471194 0.000000 0.000000 0.000000 -0.971851 -0.888988 -0.971851 0.000000 0.000000 0.000000 0.000000 0.000000 0.000000 0.000000
-0.519635 -0.501789 -20.519635 0.000000 0.000000 0.000000 -0.965658 -0.864990 -0.965658 0.000000 0.000000 0.000000 0.000000 0.000000 0.000000 0.000000
-0.567750 -0.544394 -20.567750 0.000000 0.000000 0.000000 -0.958861 -0.838830 -0.958861 0.000000 0.000000 0.000000 0.000000 0.000000 0.000000 0.000000
-0.615511 -0.585637 -20.615511 0.000000 0.000000 0.000000 -0.951466 -0.810573 -0.951466 0.000000 0.000000 0.000000 0.000000 0.000000 0.000000 0.000000
-0.662887 -0.625417 -20.662887 0.000000 0.000000 0.000000 -0.943475 -0.780291 -0.943475 0.000000 0.000000 0.000000 0.000000 0.000000 0.000000 0.000000
-0.709849 -0.663634 -20.709849 0.000000 0.000000 0.000000 -0.934895 -0.748058 -0.934895 0.000000 0.000000 0.000000 0.000000 0.000000 0.000000 0.000000
-0.756367 -0.700192 -20.756367 0.000000 0.000000 0.000000 -0.925731 -0.713955 -0.925731 0.000000 0.000000 0.000000 0.000000 0.000000 0.000000 0.000000
-0.802412 -0.735000 -20.802412 0.000000 0.000000 0.000000 -0.915988 -0.678068 -0.915988 0.000000 0.000000 0.000000 0.000000 0.000000 0.000000 0.000000
-0.847956 -0.767970 -20.847956 0.000000 0.000000 0.000000 -0.905673 -0.640485 -0.905673 0.000000 0.000000 0.000000 0.000000 0.000000 0.000000 0.000000
-0.892970 -0.799021 -20.892970 0.000000 0.000000 0.000000 -0.894791 -0.601302 -0.894791 0.000000 0.000000 0.000000 0.000000 0.000000 0.000000 0.000000
-0.937426 -0.828076 -20.937426 0.000000 0.000000 0.000000 -0.883351 -0.560617 -0.883351 0.000000 0.000000 0.000000 0.000000 0.000000 0.000000 0.000000
-0.981296 -0.855060 -20.981296 0.000000 0.000000 0.000000 -0.871358 -0.518529 -0.871358 0.000000 0.000000 0.000000 0.000000 0.000000 0.000000 0.000000
-1.024552 -0.879907 -21.024552 0.000000 0.000000 0.000000 -0.858821 -0.475146 -0.858821 0.000000 0.000000 0.000000 0.000000 0.000000 0.000000 0.000000
-1.067169 -0.902555 -21.067169 0.000000 0.000000 0.000000 -0.845747 -0.430575 -0.845747 0.000000 0.000000 0.000000 0.000000 0.000000 0.000000 0.000000
-1.109118 -0.922946 -21.109118 0.000000 0.000000 0.000000 -0.832144 -0.384928 -0.832144 0.000000 0.000000 0.000000 0.000000 0.000000 0.000000 0.000000
-1.150375 -0.941031 -21.150375 0.000000 0.000000 0.000000 -0.818022 -0.338319 -0.818022 0.000000 0.000000 0.000000 0.000000 0.000000 0.000000 0.000000
-1.190912 -0.956764 -21.190912 0.000000 0.000000 0.000000 -0.803388 -0.290864 -0.803388 0.000000 0.000000 0.000000 0.000000 0.000000 0.000000 0.000000
-1.230705 -0.970106 -21.230705 0.000000 0.000000 0.000000 -0.788252 -0.242683 -0.788252 0.000000 0.000000 0.000000 0.000000 0.000000 0.000000 0.000000
-1.269729 -0.981022 -21.269729 0.000000 0.000000 0.000000 -0.772624 -0.193894 -0.772624 0.000000 0.000000 0.000000 0.000000 0.000000 0.000000 0.000000
-1.307959 -0.989487 -21.307959 0.000000 0.000000 0.000000 -0.756512 -0.144621 -0.756512 0.000000 0.000000 0.000000 0.000000 0.000000 0.000000 0.000000
-1.345372 -0.995479 -21.345372 0.000000 0.000000 0.000000 -0.739928 -0.094987 -0.739928 0.000000 0.000000 0.000000 0.000000 0.000000 0.000000 0.000000
-1.381944 -0.998982 -21.381944 0.000000 0.000000 0.000000 -0.722881 -0.045115 -0.722881 0.000000 0.000000 0.000000 0.000000 0.000000 0.000000 0.000000
-1.417653 -0.999988 -21.417653 0.000000 0.000000 0.000000 -0.705383 0.004870 -0.705383 0.000000 0.000000 0.000000 0.000000 0.000000 0.000000 0.000000
-1.452475 -0.998495 -21.452475 0.000000 0.000000 0.000000 -0.687444 0.054842 -0.687444 0.000000 0.000000 0.000000 0.000000 0.000000 0.000000 0.000000
-1.486390 -0.994506 -21.486390 0.000000 0.000000 0.000000 -0.669075 0.104678 -0.669075 0.000000 0.000000 0.000000 0.000000 0.000000 0.000000 0.000000
-1.519376 -0.988032 -21.519376 0.000000 0.000000 0.000000 -0.650288 0.154251 -0.650288 0.000000 0.000000 0.000000 0.000000 0.000000 0.000000 0.000000
-1.551412 -0.979087 -21.551412 0.000000 0.000000 0.000000 -0.631094 0.203440 -0.631094 0.000000 0.000000 0.000000 0.000000 0.000000 0.000000 0.000000
-1.582479 -0.967696 -21.582479 0.000000 0.000000 0.000000 -0.611507 0.252119 -0.611507 0.000000 0.000000 0.000000 0.000000 0.000000 0.000000 0.000000
-1.612556 -0.953886 -21.612556 0.000000 0.000000 0.000000 -0.591537 0.300169 -0.591537 0.000000 0.000000 0.000000 0.000000 0.000000 0.000000 0.000000
-1.641626 -0.937692 -21.641626 0.000000 0.000000 0.000000 -0.571197 0.347468 -0.571197 0.000000 0.000000 0.000000 0.000000 0.000000 0.000000 0.000000
-1.669670 -0.919154 -21.669670 0.000000 0.000000 0.000000 -0.550500 0.393899 -0.550500 0.000000 0.000000 0.000000 0.000000 0.000000 0.000000 0.000000
-1.696670 -0.898318 -21.696670 0.000000 0.000000 0.000000 -0.529459 0.439345 -0.529459 0.000000 0.000000 0.000000 0.000000 0.000000 0.000000 0.000000
-1.722611 -0.875237 -21.722611 0.000000 0.000000 0.000000 -0.508088 0.483693 -0.508088 0.000000 0.000000 0.000000 0.000000 0.000000 0.000000 0.000000
-1.747474 -0.849969 -21.747474 0.000000 0.000000 0.000000 -0.486399 0.526833 -0.486399 0.000000 0.000000 0.000000 0.000000 0.000000 0.000000 0.000000
-1.771245 -0.822576 -21.771245 0.000000 0.000000 0.000000 -0.464406 0.568655 -0.464406 0.000000 0.000000 0.000000 0.000000 0.000000 0.000000 0.000000
-1.793910 -0.793127 -21.793910 0.000000 0.000000 0.000000 -0.442122 0.609056 -0.442122 0.000000 0.000000 0.000000 0.000000 0.000000 0.000000 0.000000
-1.815453 -0.761696 -21.815453 0.000000 0.000000 0.000000 -0.419562 0.647935 -0.419562 0.000000 0.000000 0.000000 0.000000 0.000000 0.000000 0.000000
-1.835862 -0.728361 -21.835862 0.000000 0.000000 0.000000 -0.396741 0.685194 -0.396741 0.000000 0.000000 0.000000 0.000000 0.000000 0.000000 0.000000
-1.855123 -0.693205 -21.855123 0.000000 0.000000 0.000000 -0.373671 0.720740 -0.373671 0.000000 0.000000 0.000000 0.000000 0.000000 0.000000 0.000000
-1.873225 -0.656317 -21.873225 0.000000 0.000000 0.000000 -0.350367 0.754485 -0.350367 0.000000 0.000000 0.000000 0.000000 0.000000 0.000000 0.000000
-1.890156 -0.617788 -21.890156 0.000000 0.000000 0.000000 -0.326845 0.786345 -0.326845 0.000000 0.000000 0.000000 0.000000 0.000000 0.000000 0.000000
-1.905906 -0.577715 -21.905906 0.000000 0.000000 0.000000 -0.303118 0.816239 -0.303118 0.000000 0.000000 0.000000 0.000000 0.000000 0.000000 0.000000
-1.920465 -0.536198 -21.920465 0.000000 0.000000 0.000000 -0.279202 0.844092 -0.279202 0.000000 0.000000 0.000000 0.000000 0.000000 0.000000 0.000000
-1.933823 -0.493341 -21.933823 0.000000 0.000000 0.000000 -0.255112 0.869836 -0.255112 0.000000 0.000000 0.000000 0.000000 0.000000 0.000000 0.000000
-1.945973 -0.449251 -21.945973 0.000000 0.000000 0.000000 -0.230862 0.893406 -0.230862 0.000000 0.000000 0.000000 0.000000 0.000000 0.000000 0.000000
-1.956907 -0.404038 -21.956907 0.000000 0.000000 0.000000 -0.206467 0.914742 -0.206467 0.000000 0.000000 0.000000 0.000000 0.000000 0.000000 0.000000
-1.966618 -0.357815 -21.966618 0.000000 0.000000 0.000000 -0.181944 0.933793 -0.181944 0.000000 0.000000 0.000000 0.000000 0.000000 0.000000 0.000000
-1.975099 -0.310697 -21.975099 0.000000 0.000000 0.000000 -0.157307 0.950509 -0.157307 0.000000 0.000000 0.000000 0.000000 0.000000 0.000000 0.000000
-1.982347 -0.262803 -21.982347 0.000000 0.000000 0.000000 -0.132572 0.964849 -0.132572 0.000000 0.000000 0.000000 0.000000 0.000000 0.000000 0.000000
-1.988355 -0.214253 -21.988355 0.000000 0.000000 0.000000 -0.107754 0.976778 -0.107754 0.000000 0.000000 0.000000 0.000000 0.000000 0.000000 0.000000
-1.993121 -0.165166 -21.993121 0.000000 0.000000 0.000000 -0.082868 0.986266 -0.082868 0.000000 0.000000 0.000000 0.000000 0.000000 0.000000 0.000000
-1.996641 -0.115667 -21.996641 0.000000 0.000000 0.000000 -0.057931 0.993288 -0.057931 0.000000 0.000000 0.000000 0.000000 0.000000 0.000000 0.000000
-1.998914 -0.065879 -21.998914 0.000000 0.000000 0.000000 -0.032957 0.997828 -0.032957 0.000000 0.000000 0.000000 0.000000 0.000000 0.000000 0.000000
-1.999937 -0.015926 -21.999937 0.000000 0.000000 0.000000 -0.007963 0.999873 -0.007963 0.000000 0.000000 0.000000 0.000000 0.000000 0.000000 0.000000
-1.999710 0.034067 -21.999710 0.000000 0.000000 0.000000 0.017036 0.999420 0.017036 0.000000 0.000000 0.000000 0.000000 0.000000 0.000000 0.000000
-1.998233 0.083974 -21.998233 0.000000 0.000000 0.000000 0.042024 0.996468 0.042024 0.000000 0.000000 0.000000 0.000000 0.000000 0.000000 0.000000
-1.995508 0.133672 -21.995508 0.000000 0.000000 0.000000 0.066987 0.991026 0.066987 0.000000 0.000000 0.000000 0.000000 0.000000 0.000000 0.000000
-1.991535 0.183036 -21.991535 0.000000 0.000000 0.000000 0.091907 0.983106 0.091907 0.000000 0.000000 0.000000 0.000000 0.000000 0.000000 0.000000
-1.986318 0.231942 -21.986318 0.000000 0.000000 0.000000 0.116770 0.972730 0.116770 0.000000 0.000000 0.000000 0.000000 0.000000 0.000000 0.000000
-1.979859 0.280268 -21.979859 0.000000 0.000000 0.000000 0.141560 0.959922 0.141560 0.000000 0.000000 0.000000 0.000000 0.000000 0.000000 0.000000
-1.972164 0.327894 -21.972164 0.000000 0.000000 0.000000 0.166261 0.944715 0.166261 0.000000 0.000000 0.000000 0.000000 0.000000 0.000000 0.000000
-1.963235 0.374700 -21.963235 0.000000 0.000000 0.000000 0.190859 0.927146 0.190859 0.000000 0.000000 0.000000 0.000000 0.000000 0.000000 0.000000
-1.953080 0.420570 -21.953080 0.000000 0.000000 0.000000 0.215337 0.907260 0.215337 0.000000 0.000000 0.000000 0.000000 0.000000 0.000000 0.000000
-1.941704 0.465388 -21.941704 0.000000 0.000000 0.000000 0.239680 0.885107 0.239680 0.000000 0.000000 0.000000 0.000000 0.000000 0.000000 0.000000
-1.929114 0.509044 -21.929114 0.000000 0.000000 0.000000 0.263874 0.860741 0.263874 0.000000 0.000000 0.000000 0.000000 0.000000 0.000000 0.000000
-1.915319 0.551427 -21.915319 0.000000 0.000000 0.000000 0.287903 0.834223 0.287903 0.000000 0.000000 0.000000 0.000000 0.000000 0.000000 0.000000
-1.900327 0.592431 -21.900327 0.000000 0.000000 0.000000 0.311752 0.805621 0.311752 0.000000 0.000000 0.000000 0.000000 0.000000 0.000000 0.000000
-1.884147 0.631955 -21.884147 0.000000 0.000000 0.000000 0.335407 0.775005 0.335407 0.000000 0.000000 0.000000 0.000000 0.000000 0.000000 0.000000
-1.866790 0.669900 -21.866790 0.000000 0.000000 0.000000 0.358851 0.742452 0.358851 0.000000 0.000000 0.000000 0.000000 0.000000 0.000000 0.000000
-1.848266 0.706169 -21.848266 0.000000 0.000000 0.000000 0.382071 0.708043 0.382071 0.000000 0.000000 0.000000 0.000000 0.000000 0.000000 0.000000
-1.828586 0.740674 -21.828586 0.000000 0.000000 0.000000 0.405053 0.671864 0.405053 0.000000 0.000000 0.000000 0.000000 0.000000 0.000000 0.000000
-1.807765 0.773328 -21.807765 0.000000 0.000000 0.000000 0.427781 0.634006 0.427781 0.000000 0.000000 0.000000 0.000000 0.000000 0.000000 0.000000
-1.785813 0.804049 -21.785813 0.000000 0.000000 0.000000 0.450242 0.594564 0.450242 0.000000 0.000000 0.000000 0.000000 0.000000 0.000000 0.000000
-1.762745 0.832759 -21.762745 0.000000 0.000000 0.000000 0.472422 0.553635 0.472422 0.000000 0.000000 0.000000 0.000000 0.000000 0.000000 0.000000
-1.738576 0.859389 -21.738576 0.000000 0.000000 0.000000 0.494306 0.511322 0.494306 0.000000 0.000000 0.000000 0.000000 0.000000 0.000000 0.000000
-1.713319 0.883870 -21.713319 0.000000 0.000000 0.000000 0.515882 0.467732 0.515882 0.000000 0.000000 0.000000 0.000000 0.000000 0.000000 0.000000
-1.686993 0.906143 -21.686993 0.000000 0.000000 0.000000 0.537135 0.422972 0.537135 0.000000 0.000000 0.000000 0.000000 0.000000 0.000000 0.000000
-1.659612 0.926150 -21.659612 0.000000 0.000000 0.000000 0.558052 0.377155 0.558052 0.000000 0.000000 0.000000 0.000000 0.000000 0.000000 0.000000
-1.631193 0.943842 -21.631193 0.000000 0.000000 0.000000 0.578621 0.330396 0.578621 0.000000 0.000000 0.000000 0.000000 0.000000 0.000000 0.000000
-1.601756 0.959176 -21.601756 0.000000 0.000000 0.000000 0.598828 0.282810 0.598828 0.000000 0.000000 0.000000 0.000000 0.000000 0.000000 0.000000
-1.571317 0.972112 -21.571317 0.000000 0.000000 0.000000 0.618661 0.234518 0.618661 0.000000 0.000000 0.000000 0.000000 0.000000 0.000000 0.000000
-1.539896 0.982618 -21.539896 0.000000 0.000000 0.000000 0.638107 0.185640 0.638107 0.000000 0.000000 0.000000 0.000000 0.000000 0.000000 0.000000
-1.507513 0.990668 -21.507513 0.000000 0.000000 0.000000 0.657154 0.136297 0.657154 0.000000 0.000000 0.000000 0.000000 0.000000 0.000000 0.000000
-1.474187 0.996242 -21.474187 0.000000 0.000000 0.000000 0.675791 0.086614 0.675791 0.000000 0.000000 0.000000 0.000000 0.000000 0.000000 0.000000
-1.439941 0.999326 -21.439941 0.000000 0.000000 0.000000 0.694005 0.036715 0.694005 0.000000 0.000000 0.000000 0.000000 0.000000 0.000000 0.000000
-1.404794 0.999912 -21.404794 0.000000 0.000000 0.000000 0.711785 -0.013277 0.711785 0.000000 0.000000 0.000000 0.000000 0.000000 0.000000 0.000000
-1.368770 0.997999 -21.368770 0.000000 0.000000 0.000000 0.729121 -0.063235 0.729121 0.000000 0.000000 0.000000 0.000000 0.000000 0.000000 0.000000
-1.331890 0.993591 -21.331890 0.000000 0.000000 0.000000 0.746001 -0.113035 0.746001 0.000000 0.000000 0.000000 0.000000 0.000000 0.000000 0.000000
-1.294177 0.986700 -21.294177 0.000000 0.000000 0.000000 0.762415 -0.162553 0.762415 0.000000 0.000000 0.000000 0.000000 0.000000 0.000000 0.000000
-1.255656 0.977343 -21.255656 0.000000 0.000000 0.000000 0.778352 -0.211664 0.778352 0.000000 0.000000 0.000000 0.000000 0.000000 0.000000 0.000000
-1.216350 0.965542 -21.216350 0.000000 0.000000 0.000000 0.793803 -0.260246 0.793803 0.000000 0.000000 0.000000 0.000000 0.000000 0.000000 0.000000
-1.176284 0.951329 -21.176284 0.000000 0.000000 0.000000 0.808758 -0.308178 0.808758 0.000000 0.000000 0.000000 0.000000 0.000000 0.000000 0.000000
-1.135483 0.934737 -21.135483 0.000000 0.000000 0.000000 0.823207 -0.355339 0.823207 0.000000 0.000000 0.000000 0.000000 0.000000 0.000000 0.000000
-1.093972 0.915810 -21.093972 0.000000 0.000000 0.000000 0.837142 -0.401613 0.837142 0.000000 0.000000 0.000000 0.000000 0.000000 0.000000 0.000000
-1.051777 0.894593 -21.051777 0.000000 0.000000 0.000000 0.850553 -0.446882 0.850553 0.000000 0.000000 0.000000 0.000000 0.000000 0.000000 0.000000
-1.008925 0.871140 -21.008925 0.000000 0.000000 0.000000 0.863433 -0.491035 0.863433 0.000000 0.000000 0.000000 0.000000 0.000000 0.000000 0.000000
-0.965443 0.845510 -20.965443 0.000000 0.000000 0.000000 0.875774 -0.533960 0.875774 0.000000 0.000000 0.000000 0.000000 0.000000 0.000000 0.000000
-0.921357 0.817766 -20.921357 0.000000 0.000000 0.000000 0.887567 -0.575550 0.887567 0.000000 0.000000 0.000000 0.000000 0.000000 0.000000 0.000000
-0.876696 0.787979 -20.876696 0.000000 0.000000 0.000000 0.898805 -0.615702 0.898805 0.000000 0.000000 0.000000 0.000000 0.000000 0.000000 0.000000
-0.831486 0.756222 -20.831486 0.000000 0.000000 0.000000 0.909482 -0.654316 0.909482 0.000000 0.000000 0.000000 0.000000 0.000000 0.000000 0.000000
-0.785757 0.722574 -20.785757 0.000000 0.000000 0.000000 0.919590 -0.691293 0.919590 0.000000 0.000000 0.000000 0.000000 0.000000 0.000000 0.000000
-0.739537 0.687121 -20.739537 0.000000 0.000000 0.000000 0.929124 -0.726543 0.929124 0.000000 0.000000 0.000000 0.000000 0.000000 0.000000 0.000000
-0.692854 0.649950 -20.692854 0.000000 0.000000 0.000000 0.938077 -0.759977 0.938077 0.000000 0.000000 0.000000 0.000000 0.000000 0.000000 0.000000
-0.645739 0.611155 -20.645739 0.000000 0.000000 0.000000 0.946444 -0.791511 0.946444 0.000000 0.000000 0.000000 0.000000 0.000000 0.000000 0.000000
-0.598220 0.570832 -20.598220 0.000000 0.000000 0.000000 0.954219 -0.821067 0.954219 0.000000 0.000000 0.000000 0.000000 0.000000 0.000000 0.000000
-0.550327 0.529083 -20.550327 0.000000 0.000000 0.000000 0.961397 -0.848570 0.961397 0.000000 0.000000 0.000000 0.000000 0.000000 0.000000 0.000000
-0.502090 0.486011 -20.502090 0.000000 0.000000 0.000000 0.967975 -0.873953 0.967975 0.000000 0.000000 0.000000 0.000000 0.000000 0.000000 0.000000
-0.453539 0.441724 -20.453539 0.000000 0.000000 0.000000 0.973948 -0.897151 0.973948 0.000000 0.000000 0.000000 0.000000 0.000000 0.000000 0.000000
-0.404705 0.396333 -20.404705 0.000000 0.000000 0.000000 0.979313 -0.918107 0.979313 0.000000 0.000000 0.000000 0.000000 0.000000 0.000000 0.000000
-0.355618 0.349951 -20.355618 0.000000 0.000000 0.000000 0.984065 -0.936768 0.984065 0.000000 0.000000 0.000000 0.000000 0.000000 0.000000 0.000000
-0.306309 0.302695 -20.306309 0.000000 0.000000 0.000000 0.988202 -0.953087 0.988202 0.000000 0.000000 0.000000 0.000000 0.000000 0.000000 0.000000
-0.256808 0.254682 -20.256808 0.000000 0.000000 0.000000 0.991722 -0.967025 0.991722 0.000000 0.000000 0.000000 0.000000 0.000000 0.000000 0.000000
-0.207147 0.206033 -20.207147 0.000000 0.000000 0.000000 0.994622 -0.978545 0.994622 0.000000 0.000000 0.000000 0.000000 0.000000 0.000000 0.000000
-0.157356 0.156869 -20.157356 0.000000 0.000000 0.000000 0.996900 -0.987619 0.996900 0.000000 0.000000 0.000000 0.000000 0.000000 0.000000 0.000000
-0.107467 0.107312 -20.107467 0.000000 0.000000 0.000000 0.998555 -0.994225 0.998555 0.000000 0.000000 0.000000 0.000000 0.000000 0.000000 0.000000
-0.057511 0.057487 -20.057511 0.000000 0.000000 0.000000 0.999586 -0.998346 0.999586 0.000000 0.000000 0.000000 0.000000 0.000000 0.000000 0.000000
-0.007519 0.007519 -20.007519 0.000000 0.000000 0.000000 0.999993 -0.999972 0.999993 0.000000 0.000000 0.000000 0.000000 0.000000 0.000000 0.000000
0.042478 -0.042468 -19.957522 0.000000 0.000000 0.000000 0.999774 -0.999098 0.999774 0.000000 0.000000 0.000000 0.000000 0.000000 0.000000 0.000000
0.092448 -0.092349 -19.907552 0.000000 0.000000 0.000000 0.998931 -0.995727 0.998931 0.000000 0.000000 0.000000 0.000000 0.000000 0.000000 0.000000
0.142360 -0.141999 -19.857640 0.000000 0.000000 0.000000 0.997463 -0.989867 0.997463 0.000000 0.000000 0.000000 0.000000 0.000000 0.000000 0.000000
0.192184 -0.191294 -19.807816 0.000000 0.000000 0.000000 0.995372 -0.981533 0.995372 0.000000 0.000000 0.000000 0.000000 0.000000 0.000000 0.000000
0.241887 -0.240112 -19.758113 0.000000 0.000000 0.000000 0.992659 -0.970745 0.992659 0.000000 0.000000 0.000000 0.000000 0.000000 0.000000 0.000000
0.291439 -0.288329 -19.708561 0.000000 0.000000 0.000000 0.989326 -0.957532 0.989326 0.000000 0.000000 0.000000 0.000000 0.000000 0.000000 0.000000
0.340809 -0.335825 -19.659191 0.000000 0.000000 0.000000 0.985374 -0.941924 0.985374 0.000000 0.000000 0.000000 0.000000 0.000000 0.000000 0.000000
0.389967 -0.382482 -19.610033 0.000000 0.000000 0.000000 0.980807 -0.923963 0.980807 0.000000 0.000000 0.000000 0.000000 0.000000 0.000000 0.000000
0.438880 -0.428183 -19.561120 0.000000 0.000000 0.000000 0.975626 -0.903692 0.975626 0.000000 0.000000 0.000000 0.000000 0.000000 0.000000 0.000000
0.487519 -0.472813 -19.512481 0.000000 0.000000 0.000000 0.969836 -0.881163 0.969836 0.000000 0.000000 0.000000 0.000000 0.000000 0.000000 0.000000
0.535853 -0.516262 -19.464147 0.000000 0.000000 0.000000 0.963439 -0.856431 0.963439 0.000000 0.000000 0.000000 0.000000 0.000000 0.000000 0.000000
0.583853 -0.558421 -19.416147 0.000000 0.000000 0.000000 0.956441 -0.829558 0.956441 0.000000 0.000000 0.000000 0.000000 0.000000 0.000000 0.000000
0.631488 -0.599183 -19.368512 0.000000 0.000000 0.000000 0.948844 -0.800612 0.948844 0.000000 0.000000 0.000000 0.000000 0.000000 0.000000 0.000000
0.678727 -0.638449 -19.321273 0.000000 0.000000 0.000000 0.940655 -0.769665 0.940655 0.000000 0.000000 0.000000 0.000000 0.000000 0.000000 0.000000
0.725543 -0.676118 -19.274457 0.000000 0.000000 0.000000 0.931878 -0.736794 0.931878 0.000000 0.000000 0.000000 0.000000 0.000000 0.000000 0.000000
0.771906 -0.712097 -19.228094 0.000000 0.000000 0.000000 0.922519 -0.702081 0.922519 0.000000 0.000000 0.000000 0.000000 0.000000 0.000000 0.000000
0.817785 -0.746297 -19.182215 0.000000 0.000000 0.000000 0.912582 -0.665613 0.912582 0.000000 0.000000 0.000000 0.000000 0.000000 0.000000 0.000000
0.863154 -0.778631 -19.136846 0.000000 0.000000 0.000000 0.902076 -0.627482 0.902076 0.000000 0.000000 0.000000 0.000000 0.000000 0.000000 0.000000
0.907984 -0.809019 -19.092016 0.000000 0.000000 0.000000 0.891006 -0.587783 0.891006 0.000000 0.000000 0.000000 0.000000 0.000000 0.000000 0.000000
0.952246 -0.837385 -19.047754 0.000000 0.000000 0.000000 0.879379 -0.546614 0.879379 0.000000 0.000000 0.000000 0.000000 0.000000 0.000000 0.000000
0.995912 -0.863657 -19.004088 0.000000 0.000000 0.000000 0.867202 -0.504079 0.867202 0.000000 0.000000 0.000000 0.000000 0.000000 0.000000 0.000000
1.038957 -0.887772 -18.961043 0.000000 0.000000 0.000000 0.854484 -0.460284 0.854484 0.000000 0.000000 0.000000 0.000000 0.000000 0.000000 0.000000
1.081352 -0.909667 -18.918648 0.000000 0.000000 0.000000 0.841231 -0.415339 0.841231 0.000000 0.000000 0.000000 0.000000 0.000000 0.000000 0.000000
1.123071 -0.929288 -18.876929 0.000000 0.000000 0.000000 0.827453 -0.369356 0.827453 0.000000 0.000000 0.000000 0.000000 0.000000 0.000000 0.000000
1.164089 -0.946587 -18.835911 0.000000 0.000000 0.000000 0.813157 -0.322449 0.813157 0.000000 0.000000 0.000000 0.000000 0.000000 0.000000 0.000000
1.204378 -0.961520 -18.795622 0.000000 0.000000 0.000000 0.798353 -0.274736 0.798353 0.000000 0.000000 0.000000 0.000000 0.000000 0.000000 0.000000
1.243916 -0.974049 -18.756084 0.000000 0.000000 0.000000 0.783051 -0.226337 0.783051 0.000000 0.000000 0.000000 0.000000 0.000000 0.000000 0.000000
1.282675 -0.984144 -18.717325 0.000000 0.000000 0.000000 0.767259 -0.177372 0.767259 0.000000 0.000000 0.000000 0.000000 0.000000 0.000000 0.000000
1.320633 -0.991779 -18.679367 0.000000 0.000000 0.000000 0.750987 -0.127964 0.750987 0.000000 0.000000 0.000000 0.000000 0.000000 0.000000 0.000000
1.357766 -0.996935 -18.642234 0.000000 0.000000 0.000000 0.734246 -0.078235 0.734246 0.000000 0.000000 0.000000 0.000000 0.000000 0.000000 0.000000
1.394050 -0.999599 -18.605950 0.000000 0.000000 0.000000 0.717047 -0.028312 0.717047 0.000000 0.000000 0.000000 0.000000 0.000000 0.000000 0.000000
1.429463 -0.999765 -18.570537 0.000000 0.000000 0.000000 0.699399 0.021683 0.699399 0.000000 0.000000 0.000000 0.000000 0.000000 0.000000 0.000000
1.463983 -0.997432 -18.536017 0.000000 0.000000 0.000000 0.681314 0.071623 0.681314 0.000000 0.000000 0.000000 0.000000 0.000000 0.000000 0.000000
1.497588 -0.992606 -18.502412 0.000000 0.000000 0.000000 0.662803 0.121384 0.662803 0.000000 0.000000 0.000000 0.000000 0.000000 0.000000 0.000000
1.530256 -0.985298 -18.469744 0.000000 0.000000 0.000000 0.643878 0.170842 0.643878 0.000000 0.000000 0.000000 0.000000 0.000000 0.000000 0.000000
1.561969 -0.975528 -18.438031 0.000000 0.000000 0.000000 0.624551 0.219873 0.624551 0.000000 0.000000 0.000000 0.000000 0.000000 0.000000 0.000000
1.592705 -0.963320 -18.407295 0.000000 0.000000 0.000000 0.604833 0.268355 0.604833 0.000000 0.000000 0.000000 0.000000 0.000000 0.000000 0.000000
1.622446 -0.948704 -18.377554 0.000000 0.000000 0.000000 0.584737 0.316165 0.584737 0.000000 0.000000 0.000000 0.000000 0.000000 0.000000 0.000000
1.651173 -0.931717 -18.348827 0.000000 0.000000 0.000000 0.564276 0.363185 0.564276 0.000000 0.000000 0.000000 0.000000 0.000000 0.000000 0.000000
1.678867 -0.912401 -18.321133 0.000000 0.000000 0.000000 0.543462 0.409298 0.543462 0.000000 0.000000 0.000000 0.000000 0.000000 0.000000 0.000000
1.705513 -0.890804 -18.294487 0.000000 0.000000 0.000000 0.522309 0.454387 0.522309 0.000000 0.000000 0.000000 0.000000 0.000000 0.000000 0.000000
1.731093 -0.866981 -18.268907 0.000000 0.000000 0.000000 0.500829 0.498341 0.500829 0.000000 0.000000 0.000000 0.000000 0.000000 0.000000 0.000000
1.755591 -0.840991 -18.244409 0.000000 0.000000 0.000000 0.479036 0.541049 0.479036 0.000000 0.000000 0.000000 0.000000 0.000000 0.000000 0.000000
1.778991 -0.812899 -18.221009 0.000000 0.000000 0.000000 0.456943 0.582405 0.456943 0.000000 0.000000 0.000000 0.000000 0.000000 0.000000 0.000000
1.801280 -0.782775 -18.198720 0.000000 0.000000 0.000000 0.434566 0.622305 0.434566 0.000000 0.000000 0.000000 0.000000 0.000000 0.000000 0.000000
1.822443 -0.750694 -18.177557 0.000000 0.000000 0.000000 0.411916 0.660650 0.411916 0.000000 0.000000 0.000000 0.000000 0.000000 0.000000 0.000000
1.842468 -0.716737 -18.157532 0.000000 0.000000 0.000000 0.389009 0.697344 0.389009 0.000000 0.000000 0.000000 0.000000 0.000000 0.000000 0.000000
1.861340 -0.680989 -18.138660 0.000000 0.000000 0.000000 0.365859 0.732294 0.365859 0.000000 0.000000 0.000000 0.000000 0.000000 0.000000 0.000000
1.879050 -0.643538 -18.120950 0.000000 0.000000 0.000000 0.342481 0.765414 0.342481 0.000000 0.000000 0.000000 0.000000 0.000000 0.000000 0.000000
1.895585 -0.604479 -18.104415 0.000000 0.000000 0.000000 0.318888 0.796621 0.318888 0.000000 0.000000 0.000000 0.000000 0.000000 0.000000 0.000000
1.910935 -0.563909 -18.089065 0.000000 0.000000 0.000000 0.295096 0.825837 0.295096 0.000000 0.000000 0.000000 0.000000 0.000000 0.000000 0.000000
1.925091 -0.521930 -18.074909 0.000000 0.000000 0.000000 0.271120 0.852988 0.271120 0.000000 0.000000 0.000000 0.000000 0.000000 0.000000 0.000000
1.938044 -0.478646 -18.061956 0.000000 0.000000 0.000000 0.246974 0.878008 0.246974 0.000000 0.000000 0.000000 0.000000 0.000000 0.000000 0.000000
1.949786 -0.434166 -18.050214 0.000000 0.000000 0.000000 0.222673 0.900833 0.222673 0.000000 0.000000 0.000000 0.000000 0.000000 0.000000 0.000000
1.960309 -0.388600 -18.039691 0.000000 0.000000 0.000000 0.198234 0.921406 0.198234 0.000000 0.000000 0.000000 0.000000 0.000000 0.000000 0.000000
1.969608 -0.342063 -18.030392 0.000000 0.000000 0.000000 0.173671 0.939677 0.173671 0.000000 0.000000 0.000000 0.000000 0.000000 0.000000 0.000000
1.977675 -0.294672 -18.022325 0.000000 0.000000 0.000000 0.148999 0.955599 0.148999 0.000000 0.000000 0.000000 0.000000 0.000000 0.000000 0.000000
1.984506 -0.246543 -18.015494 0.000000 0.000000 0.000000 0.124234 0.969132 0.124234 0.000000 0.000000 0.000000 0.000000 0.000000 0.000000 0.000000
1.990097 -0.197799 -18.009903 0.000000 0.000000 0.000000 0.099392 0.980243 0.099392 0.000000 0.000000 0.000000 0.000000 0.000000 0.000000 0.000000
1.994444 -0.148560 -18.005556 0.000000 0.000000 0.000000 0.074487 0.988903 0.074487 0.000000 0.000000 0.000000 0.000000 0.000000 0.000000 0.000000
1.997545 -0.098950 -18.002455 0.000000 0.000000 0.000000 0.049536 0.995092 0.049536 0.000000 0.000000 0.000000 0.000000 0.000000 0.000000 0.000000
1.999397 -0.049092 -18.000603 0.000000 0.000000 0.000000 0.024553 0.998794 0.024553 0.000000 0.000000 0.000000 0.000000 0.000000 0.000000 0.000000
2.000000 0.000888 -18.000000 0.000000 0.000000 0.000000 -0.000444 1.000000 -0.000444 0.000000 0.000000 0.000000 0.000000 0.000000 0.000000 0.000000
1.999353 0.050866 -18.000647 0.000000 0.000000 0.000000 -0.025441 0.998705 -0.025441 0.000000 0.000000 0.000000 0.000000 0.000000 0.000000 0.000000
1.997456 0.100717 -18.002544 0.000000 0.000000 0.000000 -0.050423 0.994915 -0.050423 0.000000 0.000000 0.000000 0.000000 0.000000 0.000000 0.000000
1.994311 0.150316 -18.005689 0.000000 0.000000 0.000000 -0.075373 0.988638 -0.075373 0.000000 0.000000 0.000000 0.000000 0.000000 0.000000 0.000000
1.989919 0.199540 -18.010081 0.000000 0.000000 0.000000 -0.100275 0.979890 -0.100275 0.000000 0.000000 0.000000 0.000000 0.000000 0.000000 0.000000
1.984284 0.248264 -18.015716 0.000000 0.000000 0.000000 -0.125115 0.968692 -0.125115 0.000000 0.000000 0.000000 0.000000 0.000000 0.000000 0.000000
1.977409 0.296369 -18.022591 0.000000 0.000000 0.000000 -0.149877 0.955074 -0.149877 0.000000 0.000000 0.000000 0.000000 0.000000 0.000000 0.000000
1.969298 0.343732 -18.030702 0.000000 0.000000 0.000000 -0.174545 0.939068 -0.174545 0.000000 0.000000 0.000000 0.000000 0.000000 0.000000 0.000000
1.959957 0.390236 -18.040043 0.000000 0.000000 0.000000 -0.199105 0.920715 -0.199105 0.000000 0.000000 0.000000 0.000000 0.000000 0.000000 0.000000
1.949390 0.435765 -18.050610 0.000000 0.000000 0.000000 -0.223539 0.900060 -0.223539 0.000000 0.000000 0.000000 0.000000 0.000000 0.000000 0.000000
1.937605 0.480205 -18.062395 0.000000 0.000000 0.000000 -0.247834 0.877156 -0.247834 0.000000 0.000000 0.000000 0.000000 0.000000 0.000000 0.000000
1.924609 0.523444 -18.075391 0.000000 0.000000 0.000000 -0.271974 0.852060 -0.271974 0.000000 0.000000 0.000000 0.000000 0.000000 0.000000 0.000000
1.910410 0.565375 -18.089590 0.000000 0.000000 0.000000 -0.295944 0.824834 -0.295944 0.000000 0.000000 0.000000 0.000000 0.000000 0.000000 0.000000
1.895018 0.605893 -18.104982 0.000000 0.000000 0.000000 -0.319730 0.795546 -0.319730 0.000000 0.000000 0.000000 0.000000 0.000000 0.000000 0.000000
1.878441 0.644897 -18.121559 0.000000 0.000000 0.000000 -0.343315 0.764270 -0.343315 0.000000 0.000000 0.000000 0.000000 0.000000 0.000000 0.000000
1.860690 0.682288 -18.139310 0.000000 0.000000 0.000000 -0.366686 0.731083 -0.366686 0.000000 0.000000 0.000000 0.000000 0.000000 0.000000 0.000000
1.841776 0.717975 -18.158224 0.000000 0.000000 0.000000 -0.389827 0.696069 -0.389827 0.000000 0.000000 0.000000 0.000000 0.000000 0.000000 0.000000
1.821711 0.751866 -18.178289 0.000000 0.000000 0.000000 -0.412725 0.659316 -0.412725 0.000000 0.000000 0.000000 0.000000 0.000000 0.000000 0.000000
1.800508 0.783879 -18.199492 0.000000 0.000000 0.000000 -0.435365 0.620914 -0.435365 0.000000 0.000000 0.000000 0.000000 0.000000 0.000000 0.000000
1.778179 0.813932 -18.221821 0.000000 0.000000 0.000000 -0.457733 0.580960 -0.457733 0.000000 0.000000 0.000000 0.000000 0.000000 0.000000 0.000000
1.754739 0.841951 -18.245261 0.000000 0.000000 0.000000 -0.479815 0.539555 -0.479815 0.000000 0.000000 0.000000 0.000000 0.000000 0.000000 0.000000
1.730203 0.867865 -18.269797 0.000000 0.000000 0.000000 -0.501597 0.496800 -0.501597 0.000000 0.000000 0.000000 0.000000 0.000000 0.000000 0.000000
1.704585 0.891610 -18.295415 0.000000 0.000000 0.000000 -0.523066 0.452804 -0.523066 0.000000 0.000000 0.000000 0.000000 0.000000 0.000000 0.000000
1.677901 0.913126 -18.322099 0.000000 0.000000 0.000000 -0.544207 0.407677 -0.544207 0.000000 0.000000 0.000000 0.000000 0.000000 0.000000 0.000000
1.650170 0.932361 -18.349830 0.000000 0.000000 0.000000 -0.565009 0.361530 -0.565009 0.000000 0.000000 0.000000 0.000000 0.000000 0.000000 0.000000
1.621406 0.949264 -18.378594 0.000000 0.000000 0.000000 -0.585457 0.314479 -0.585457 0.000000 0.000000 0.000000 0.000000 0.000000 0.000000 0.000000
1.591630 0.963795 -18.408370 0.000000 0.000000 0.000000 -0.605540 0.266643 -0.605540 0.000000 0.000000 0.000000 0.000000 0.000000 0.000000 0.000000
1.560859 0.975917 -18.439141 0.000000 0.000000 0.000000 -0.625244 0.218140 -0.625244 0.000000 0.000000 0.000000 0.000000 0.000000 0.000000 0.000000
1.529112 0.985600 -18.470888 0.000000 0.000000 0.000000 -0.644557 0.169092 -0.644557 0.000000 0.000000 0.000000 0.000000 0.000000 0.000000 0.000000
1.496410 0.992820 -18.503590 0.000000 0.000000 0.000000 -0.663468 0.119621 -0.663468 0.000000 0.000000 0.000000 0.000000 0.000000 0.000000 0.000000
1.462772 0.997557 -18.537228 0.000000 0.000000 0.000000 -0.681964 0.069851 -0.681964 0.000000 0.000000 0.000000 0.000000 0.000000 0.000000 0.000000
1.428220 0.999802 -18.571780 0.000000 0.000000 0.000000 -0.700033 0.019907 -0.700033 0.000000 0.000000 0.000000 0.000000 0.000000 0.000000 0.000000
1.392776 0.999547 -18.607224 0.000000 0.000000 0.000000 -0.717665 -0.030087 -0.717665 0.000000 0.000000 0.000000 0.000000 0.000000 0.000000 0.000000
1.356461 0.996794 -18.643539 0.000000 0.000000 0.000000 -0.734849 -0.080006 -0.734849 0.000000 0.000000 0.000000 0.000000 0.000000 0.000000 0.000000
1.319299 0.991550 -18.680701 0.000000 0.000000 0.000000 -0.751573 -0.129725 -0.751573 0.000000 0.000000 0.000000 0.000000 0.000000 0.000000 0.000000
1.281312 0.983827 -18.718688 0.000000 0.000000 0.000000 -0.767828 -0.179120 -0.767828 0.000000 0.000000 0.000000 0.000000 0.000000 0.000000 0.000000
1.242524 0.973645 -18.757476 0.000000 0.000000 0.000000 -0.783603 -0.228067 -0.783603 0.000000 0.000000 0.000000 0.000000 0.000000 0.000000 0.000000
1.202960 0.961030 -18.797040 0.000000 0.000000 0.000000 -0.798888 -0.276444 -0.798888 0.000000 0.000000 0.000000 0.000000 0.000000 0.000000 0.000000
1.162644 0.946013 -18.837356 0.000000 0.000000 0.000000 -0.813674 -0.324130 -0.813674 0.000000 0.000000 0.000000 0.000000 0.000000 0.000000 0.000000
1.121601 0.928631 -18.878399 0.000000 0.000000 0.000000 -0.827951 -0.371006 -0.827951 0.000000 0.000000 0.000000 0.000000 0.000000 0.000000 0.000000
1.079857 0.908927 -18.920143 0.000000 0.000000 0.000000 -0.841711 -0.416954 -0.841711 0.000000 0.000000 0.000000 0.000000 0.000000 0.000000 0.000000
1.037439 0.886953 -18.962561 0.000000 0.000000 0.000000 -0.854945 -0.461861 -0.854945 0.000000 0.000000 0.000000 0.000000 0.000000 0.000000 0.000000
0.994372 0.862761 -19.005628 0.000000 0.000000 0.000000 -0.867644 -0.505613 -0.867644 0.000000 0.000000 0.000000 0.000000 0.000000 0.000000 0.000000
0.950683 0.836412 -19.049317 0.000000 0.000000 0.000000 -0.879801 -0.548101 -0.879801 0.000000 0.000000 0.000000 0.000000 0.000000 0.000000 0.000000
0.906401 0.807973 -19.093599 0.000000 0.000000 0.000000 -0.891409 -0.589219 -0.891409 0.000000 0.000000 0.000000 0.000000 0.000000 0.000000 0.000000
0.861552 0.777515 -19.138448 0.000000 0.000000 0.000000 -0.902459 -0.628864 -0.902459 0.000000 0.000000 0.000000 0.000000 0.000000 0.000000 0.000000
0.816164 0.745113 -19.183836 0.000000 0.000000 0.000000 -0.912945 -0.666938 -0.912945 0.000000 0.000000 0.000000 0.000000 0.000000 0.000000 0.000000
0.770267 0.710849 -19.229733 0.000000 0.000000 0.000000 -0.922861 -0.703345 -0.922861 0.000000 0.000000 0.000000 0.000000 0.000000 0.000000 0.000000
0.723888 0.674808 -19.276112 0.000000 0.000000 0.000000 -0.932200 -0.737993 -0.932200 0.000000 0.000000 0.000000 0.000000 0.000000 0.000000 0.000000
0.677056 0.637080 -19.322944 0.000000 0.000000 0.000000 -0.940956 -0.770797 -0.940956 0.000000 0.000000 0.000000 0.000000 0.000000 0.000000 0.000000
0.629802 0.597760 -19.370198 0.000000 0.000000 0.000000 -0.949125 -0.801675 -0.949125 0.000000 0.000000 0.000000 0.000000 0.000000 0.000000 0.000000
0.582154 0.556946 -19.417846 0.000000 0.000000 0.000000 -0.956700 -0.830549 -0.956700 0.000000 0.000000 0.000000 0.000000 0.000000 0.000000 0.000000
0.534142 0.514740 -19.465858 0.000000 0.000000 0.000000 -0.963677 -0.857346 -0.963677 0.000000 0.000000 0.000000 0.000000 0.000000 0.000000 0.000000
0.485796 0.471247 -19.514204 0.000000 0.000000 0.000000 -0.970052 -0.882001 -0.970052 0.000000 0.000000 0.000000 0.000000 0.000000 0.000000 0.000000
0.437147 0.426577 -19.562853 0.000000 0.000000 0.000000 -0.975821 -0.904451 -0.975821 0.000000 0.000000 0.000000 0.000000 0.000000 0.000000 0.000000
0.388224 0.380840 -19.611776 0.000000 0.000000 0.000000 -0.980979 -0.924641 -0.980979 0.000000 0.000000 0.000000 0.000000 0.000000 0.000000 0.000000
0.339059 0.334151 -19.660941 0.000000 0.000000 0.000000 -0.985525 -0.942519 -0.985525 0.000000 0.000000 0.000000 0.000000 0.000000 0.000000 0.000000
0.289682 0.286627 -19.710318 0.000000 0.000000 0.000000 -0.989455 -0.958042 -0.989455 0.000000 0.000000 0.000000 0.000000 0.000000 0.000000 0.000000
0.240124 0.238387 -19.759876 0.000000 0.000000 0.000000 -0.992766 -0.971170 -0.992766 0.000000 0.000000 0.000000 0.000000 0.000000 0.000000 0.000000
0.190416 0.189551 -19.809584 0.000000 0.000000 0.000000 -0.995457 -0.981871 -0.995457 0.000000 0.000000 0.000000 0.000000 0.000000 0.000000 0.000000
0.140588 0.140241 -19.859412 0.000000 0.000000 0.000000 -0.997526 -0.990117 -0.997526 0.000000 0.000000 0.000000 0.000000 0.000000 0.000000 0.000000
0.090673 0.090580 -19.909327 0.000000 0.000000 0.000000 -0.998972 -0.995889 -0.998972 0.000000 0.000000 0.000000 0.000000 0.000000 0.000000 0.000000
0.040702 0.040693 -19.959298 0.000000 0.000000 0.000000 -0.999793 -0.999172 -0.999793 0.000000 0.000000 0.000000 0.000000 0.000000 0.000000 0.000000
-0.009295 -0.009295 -20.009295 0.000000 0.000000 0.000000 -0.999989 -0.999957 -0.999989 0.000000 0.000000 0.000000 0.000000 0.000000 0.000000 0.000000
-0.059287 -0.059261 -20.059287 0.000000 0.000000 0.000000 -0.999561 -0.998243 -0.999561 0.000000 0.000000 0.000000 0.000000 0.000000 0.000000 0.000000
-0.109241 -0.109078 -20.109241 0.000000 0.000000 0.000000 -0.998507 -0.994033 -0.998507 0.000000 0.000000 0.000000 0.000000 0.000000 0.000000 0.000000
-0.159127 -0.158623 -20.159127 0.000000 0.000000 0.000000 -0.996830 -0.987339 -0.996830 0.000000 0.000000 0.000000 0.000000 0.000000 0.000000 0.000000
-0.208914 -0.207771 -20.208914 0.000000 0.000000 0.000000 -0.994529 -0.978178 -0.994529 0.000000 0.000000 0.000000 0.000000 0.000000 0.000000 0.000000
-0.258570 -0.256400 -20.258570 0.000000 0.000000 0.000000 -0.991607 -0.966571 -0.991607 0.000000 0.000000 0.000000 0.000000 0.000000 0.000000 0.000000
-0.308064 -0.304388 -20.308064 0.000000 0.000000 0.000000 -0.988066 -0.952548 -0.988066 0.000000 0.000000 0.000000 0.000000 0.000000 0.000000 0.000000
-0.357366 -0.351615 -20.357366 0.000000 0.000000 0.000000 -0.983907 -0.936145 -0.983907 0.000000 0.000000 0.000000 0.000000 0.000000 0.000000 0.000000
-0.406445 -0.397963 -20.406445 0.000000 0.000000 0.000000 -0.979133 -0.917401 -0.979133 0.000000 0.000000 0.000000 0.000000 0.000000 0.000000 0.000000
-0.455269 -0.443317 -20.455269 0.000000 0.000000 0.000000 -0.973747 -0.896365 -0.973747 0.000000 0.000000 0.000000 0.000000 0.000000 0.000000 0.000000
-0.503809 -0.487562 -20.503809 0.000000 0.000000 0.000000 -0.967752 -0.873088 -0.967752 0.000000 0.000000 0.000000 0.000000 0.000000 0.000000 0.000000
-0.552034 -0.530589 -20.552034 0.000000 0.000000 0.000000 -0.961153 -0.847629 -0.961153 0.000000 0.000000 0.000000 0.000000 0.000000 0.000000 0.000000
-0.599914 -0.572290 -20.599914 0.000000 0.000000 0.000000 -0.953953 -0.820051 -0.953953 0.000000 0.000000 0.000000 0.000000 0.000000 0.000000 0.000000
-0.647420 -0.612560 -20.647420 0.000000 0.000000 0.000000 -0.946156 -0.790424 -0.946156 0.000000 0.000000 0.000000 0.000000 0.000000 0.000000 0.000000
-0.694520 -0.651299 -20.694520 0.000000 0.000000 0.000000 -0.937769 -0.758821 -0.937769 0.000000 0.000000 0.000000 0.000000 0.000000 0.000000 0.000000
-0.741187 -0.688411 -20.741187 0.000000 0.000000 0.000000 -0.928795 -0.725321 -0.928795 0.000000 0.000000 0.000000 0.000000 0.000000 0.000000 0.000000
-0.787390 -0.723801 -20.787390 0.000000 0.000000 0.000000 -0.919241 -0.690009 -0.919241 0.000000 0.000000 0.000000 0.000000 0.000000 0.000000 0.000000
-0.833101 -0.757383 -20.833101 0.000000 0.000000 0.000000 -0.909113 -0.652971 -0.909113 0.000000 0.000000 0.000000 0.000000 0.000000 0.000000 0.000000
-0.878292 -0.789071 -20.878292 0.000000 0.000000 0.000000 -0.898416 -0.614302 -0.898416 0.000000 0.000000 0.000000 0.000000 0.000000 0.000000 0.000000
-0.922933 -0.818787 -20.922933 0.000000 0.000000 0.000000 -0.887158 -0.574097 -0.887158 0.000000 0.000000 0.000000 0.000000 0.000000 0.000000 0.000000
-0.966998 -0.846457 -20.966998 0.000000 0.000000 0.000000 -0.875345 -0.532457 -0.875345 0.000000 0.000000 0.000000 0.000000 0.000000 0.000000 0.000000
-1.010459 -0.872011 -21.010459 0.000000 0.000000 0.000000 -0.862985 -0.489487 -0.862985 0.000000 0.000000 0.000000 0.000000 0.000000 0.000000 0.000000
-1.053288 -0.895385 -21.053288 0.000000 0.000000 0.000000 -0.850086 -0.445292 -0.850086 0.000000 0.000000 0.000000 0.000000 0.000000 0.000000 0.000000
-1.095459 -0.916522 -21.095459 0.000000 0.000000 0.000000 -0.836656 -0.399985 -0.836656 0.000000 0.000000 0.000000 0.000000 0.000000 0.000000 0.000000
-1.136945 -0.935367 -21.136945 0.000000 0.000000 0.000000 -0.822702 -0.353678 -0.822702 0.000000 0.000000 0.000000 0.000000 0.000000 0.000000 0.000000
-1.177720 -0.951875 -21.177720 0.000000 0.000000 0.000000 -0.808235 -0.306488 -0.808235 0.000000 0.000000 0.000000 0.000000 0.000000 0.000000 0.000000
-1.217760 -0.966003 -21.217760 0.000000 0.000000 0.000000 -0.793262 -0.258531 -0.793262 0.000000 0.000000 0.000000 0.000000 0.000000 0.000000 0.000000
-1.257038 -0.977717 -21.257038 0.000000 0.000000 0.000000 -0.777794 -0.209928 -0.777794 0.000000 0.000000 0.000000 0.000000 0.000000 0.000000 0.000000
-1.295531 -0.986987 -21.295531 0.000000 0.000000 0.000000 -0.761840 -0.160800 -0.761840 0.000000 0.000000 0.000000 0.000000 0.000000 0.000000 0.000000
-1.333214 -0.993790 -21.333214 0.000000 0.000000 0.000000 -0.745409 -0.111270 -0.745409 0.000000 0.000000 0.000000 0.000000 0.000000 0.000000 0.000000
-1.370064 -0.998109 -21.370064 0.000000 0.000000 0.000000 -0.728513 -0.061462 -0.728513 0.000000 0.000000 0.000000 0.000000 0.000000 0.000000 0.000000
-1.406058 -0.999934 -21.406058 0.000000 0.000000 0.000000 -0.711161 -0.011501 -0.711161 0.000000 0.000000 0.000000 0.000000 0.000000 0.000000 0.000000
-1.441173 -0.999259 -21.441173 0.000000 0.000000 0.000000 -0.693365 0.038490 -0.693365 0.000000 0.000000 0.000000 0.000000 0.000000 0.000000 0.000000
-1.475387 -0.996087 -21.475387 0.000000 0.000000 0.000000 -0.675136 0.088384 -0.675136 0.000000 0.000000 0.000000 0.000000 0.000000 0.000000 0.000000
-1.508679 -0.990424 -21.508679 0.000000 0.000000 0.000000 -0.656484 0.138057 -0.656484 0.000000 0.000000 0.000000 0.000000 0.000000 0.000000 0.000000
-1.541029 -0.982287 -21.541029 0.000000 0.000000 0.000000 -0.637423 0.187385 -0.637423 0.000000 0.000000 0.000000 0.000000 0.000000 0.000000 0.000000
-1.572415 -0.971694 -21.572415 0.000000 0.000000 0.000000 -0.617963 0.236245 -0.617963 0.000000 0.000000 0.000000 0.000000 0.000000 0.000000 0.000000
-1.602819 -0.958672 -21.602819 0.000000 0.000000 0.000000 -0.598116 0.284514 -0.598116 0.000000 0.000000 0.000000 0.000000 0.000000 0.000000 0.000000
-1.632220 -0.943254 -21.632220 0.000000 0.000000 0.000000 -0.577896 0.332072 -0.577896 0.000000 0.000000 0.000000 0.000000 0.000000 0.000000 0.000000
-1.660602 -0.925479 -21.660602 0.000000 0.000000 0.000000 -0.557315 0.378800 -0.557315 0.000000 0.000000 0.000000 0.000000 0.000000 0.000000 0.000000
-1.687946 -0.905390 -21.687946 0.000000 0.000000 0.000000 -0.536386 0.424581 -0.536386 0.000000 0.000000 0.000000 0.000000 0.000000 0.000000 0.000000
-1.714235 -0.883038 -21.714235 0.000000 0.000000 0.000000 -0.515121 0.469301 -0.515121 0.000000 0.000000 0.000000 0.000000 0.000000 0.000000 0.000000
-1.739453 -0.858479 -21.739453 0.000000 0.000000 0.000000 -0.493534 0.512848 -0.493534 0.000000 0.000000 0.000000 0.000000 0.000000 0.000000 0.000000
-1.763583 -0.831775 -21.763583 0.000000 0.000000 0.000000 -0.471639 0.555113 -0.471639 0.000000 0.000000 0.000000 0.000000 0.000000 0.000000 0.000000
-1.786612 -0.802991 -21.786612 0.000000 0.000000 0.000000 -0.449449 0.595991 -0.449449 0.000000 0.000000 0.000000 0.000000 0.000000 0.000000 0.000000
-1.808524 -0.772200 -21.808524 0.000000 0.000000 0.000000 -0.426978 0.635379 -0.426978 0.000000 0.000000 0.000000 0.000000 0.000000 0.000000 0.000000
-1.829305 -0.739480 -21.829305 0.000000 0.000000 0.000000 -0.404241 0.673179 -0.404241 0.000000 0.000000 0.000000 0.000000 0.000000 0.000000 0.000000
-1.848944 -0.704911 -21.848944 0.000000 0.000000 0.000000 -0.381250 0.709296 -0.381250 0.000000 0.000000 0.000000 0.000000 0.000000 0.000000 0.000000
-1.867426 -0.668580 -21.867426 0.000000 0.000000 0.000000 -0.358022 0.743641 -0.358022 0.000000 0.000000 0.000000 0.000000 0.000000 0.000000 0.000000
-1.884742 -0.630578 -21.884742 0.000000 0.000000 0.000000 -0.334570 0.776126 -0.334570 0.000000 0.000000 0.000000 0.000000 0.000000 0.000000 0.000000
-1.900880 -0.590999 -21.900880 0.000000 0.000000 0.000000 -0.310908 0.806672 -0.310908 0.000000 0.000000 0.000000 0.000000 0.000000 0.000000 0.000000
-1.915830 -0.549944 -21.915830 0.000000 0.000000 0.000000 -0.287053 0.835202 -0.287053 0.000000 0.000000 0.000000 0.000000 0.000000 0.000000 0.000000
-1.929582 -0.507514 -21.929582 0.000000 0.000000 0.000000 -0.263018 0.861644 -0.263018 0.000000 0.000000 0.000000 0.000000 0.000000 0.000000 0.000000
-1.942129 -0.463816 -21.942129 0.000000 0.000000 0.000000 -0.238818 0.885932 -0.238818 0.000000 0.000000 0.000000 0.000000 0.000000 0.000000 0.000000
-1.953461 -0.418958 -21.953461 0.000000 0.000000 0.000000 -0.214469 0.908006 -0.214469 0.000000 0.000000 0.000000 0.000000 0.000000 0.000000 0.000000
-1.963573 -0.373053 -21.963573 0.000000 0.000000 0.000000 -0.189987 0.927810 -0.189987 0.000000 0.000000 0.000000 0.000000 0.000000 0.000000 0.000000
-1.972458 -0.326215 -21.972458 0.000000 0.000000 0.000000 -0.165385 0.945295 -0.165385 0.000000 0.000000 0.000000 0.000000 0.000000 0.000000 0.000000
-1.980110 -0.278563 -21.980110 0.000000 0.000000 0.000000 -0.140680 0.960418 -0.140680 0.000000 0.000000 0.000000 0.000000 0.000000 0.000000 0.000000
-1.986525 -0.230214 -21.986525 0.000000 0.000000 0.000000 -0.115888 0.973140 -0.115888 0.000000 0.000000 0.000000 0.000000 0.000000 0.000000 0.000000
-1.991698 -0.181289 -21.991698 0.000000 0.000000 0.000000 -0.091022 0.983430 -0.091022 0.000000 0.000000 0.000000 0.000000 0.000000 0.000000 0.000000
-1.995626 -0.131912 -21.995626 0.000000 0.000000 0.000000 -0.066100 0.991261 -0.066100 0.000000 0.000000 0.000000 0.000000 0.000000 0.000000 0.000000
-1.998307 -0.082204 -21.998307 0.000000 0.000000 0.000000 -0.041137 0.996616 -0.041137 0.000000 0.000000 0.000000 0.000000 0.000000 0.000000 0.000000
-1.999739 -0.032292 -21.999739 0.000000 0.000000 0.000000 -0.016148 0.999478 -0.016148 0.000000 0.000000 0.000000 0.000000 0.000000 0.000000 0.000000
-1.999922 0.017702 -21.999922 0.000000 0.000000 0.000000 0.008851 0.999843 0.008851 0.000000 0.000000 0.000000 0.000000 0.000000 0.000000 0.000000
-1.998854 0.067651 -21.998854 0.000000 0.000000 0.000000 0.033845 0.997709 0.033845 0.000000 0.000000 0.000000 0.000000 0.000000 0.000000 0.000000
-1.996538 0.117431 -21.996538 0.000000 0.000000 0.000000 0.058817 0.993081 0.058817 0.000000 0.000000 0.000000 0.000000 0.000000 0.000000 0.000000
-1.992973 0.166918 -21.992973 0.000000 0.000000 0.000000 0.083753 0.985971 0.083753 0.000000 0.000000 0.000000 0.000000 0.000000 0.000000 0.000000
-1.988163 0.215987 -21.988163 0.000000 0.000000 0.000000 0.108637 0.976396 0.108637 0.000000 0.000000 0.000000 0.000000 0.000000 0.000000 0.000000
-1.982111 0.264517 -21.982111 0.000000 0.000000 0.000000 0.133452 0.964381 0.133452 0.000000 0.000000 0.000000 0.000000 0.000000 0.000000 0.000000
-1.974819 0.312385 -21.974819 0.000000 0.000000 0.000000 0.158184 0.949956 0.158184 0.000000 0.000000 0.000000 0.000000 0.000000 0.000000 0.000000
-1.966294 0.359473 -21.966294 0.000000 0.000000 0.000000 0.182817 0.933156 0.182817 0.000000 0.000000 0.000000 0.000000 0.000000 0.000000 0.000000
-1.956539 0.405662 -21.956539 0.000000 0.000000 0.000000 0.207336 0.914023 0.207336 0.000000 0.000000 0.000000 0.000000 0.000000 0.000000 0.000000
-1.945562 0.450837 -21.945562 0.000000 0.000000 0.000000 0.231726 0.892606 0.231726 0.000000 0.000000 0.000000 0.000000 0.000000 0.000000 0.000000
-1.933369 0.494885 -21.933369 0.000000 0.000000 0.000000 0.255970 0.868958 0.255970 0.000000 0.000000 0.000000 0.000000 0.000000 0.000000 0.000000
-1.919968 0.537697 -21.919968 0.000000 0.000000 0.000000 0.280055 0.843138 0.280055 0.000000 0.000000 0.000000 0.000000 0.000000 0.000000 0.000000
-1.905367 0.579164 -21.905367 0.000000 0.000000 0.000000 0.303965 0.815211 0.303965 0.000000 0.000000 0.000000 0.000000 0.000000 0.000000 0.000000
-1.889575 0.619184 -21.889575 0.000000 0.000000 0.000000 0.327684 0.785246 0.327684 0.000000 0.000000 0.000000 0.000000 0.000000 0.000000 0.000000
-1.872602 0.657656 -21.872602 0.000000 0.000000 0.000000 0.351199 0.753318 0.351199 0.000000 0.000000 0.000000 0.000000 0.000000 0.000000 0.000000
-1.854458 0.694484 -21.854458 0.000000 0.000000 0.000000 0.374494 0.719508 0.374494 0.000000 0.000000 0.000000 0.000000 0.000000 0.000000 0.000000
-1.835156 0.729577 -21.835156 0.000000 0.000000 0.000000 0.397556 0.683899 0.397556 0.000000 0.000000 0.000000 0.000000 0.000000 0.000000 0.000000
-1.814707 0.762846 -21.814707 0.000000 0.000000 0.000000 0.420369 0.646581 0.420369 0.000000 0.000000 0.000000 0.000000 0.000000 0.000000 0.000000
-1.793124 0.794208 -21.793124 0.000000 0.000000 0.000000 0.442919 0.607646 0.442919 0.000000 0.000000 0.000000 0.000000 0.000000 0.000000 0.000000
-1.770420 0.823585 -21.770420 0.000000 0.000000 0.000000 0.465192 0.567193 0.465192 0.000000 0.000000 0.000000 0.000000 0.000000 0.000000 0.000000
-1.746609 0.850904 -21.746609 0.000000 0.000000 0.000000 0.487175 0.525322 0.487175 0.000000 0.000000 0.000000 0.000000 0.000000 0.000000 0.000000
-1.721707 0.876095 -21.721707 0.000000 0.000000 0.000000 0.508853 0.482138 0.508853 0.000000 0.000000 0.000000 0.000000 0.000000 0.000000 0.000000
-1.695729 0.899097 -21.695729 0.000000 0.000000 0.000000 0.530213 0.437749 0.530213 0.000000 0.000000 0.000000 0.000000 0.000000 0.000000 0.000000
-1.668692 0.919852 -21.668692 0.000000 0.000000 0.000000 0.551241 0.392266 0.551241 0.000000 0.000000 0.000000 0.000000 0.000000 0.000000 0.000000
-1.640611 0.938307 -21.640611 0.000000 0.000000 0.000000 0.571926 0.345802 0.571926 0.000000 0.000000 0.000000 0.000000 0.000000 0.000000 0.000000
-1.611505 0.954418 -21.611505 0.000000 0.000000 0.000000 0.592252 0.298474 0.592252 0.000000 0.000000 0.000000 0.000000 0.000000 0.000000 0.000000
-1.581392 0.968142 -21.581392 0.000000 0.000000 0.000000 0.612209 0.250400 0.612209 0.000000 0.000000 0.000000 0.000000 0.000000 0.000000 0.000000
-1.550290 0.979447 -21.550290 0.000000 0.000000 0.000000 0.631783 0.201700 0.631783 0.000000 0.000000 0.000000 0.000000 0.000000 0.000000 0.000000
-1.518220 0.988304 -21.518220 0.000000 0.000000 0.000000 0.650962 0.152496 0.650962 0.000000 0.000000 0.000000 0.000000 0.000000 0.000000 0.000000
-1.485201 0.994691 -21.485201 0.000000 0.000000 0.000000 0.669735 0.102911 0.669735 0.000000 0.000000 0.000000 0.000000 0.000000 0.000000 0.000000
-1.451254 0.998591 -21.451254 0.000000 0.000000 0.000000 0.688088 0.053069 0.688088 0.000000 0.000000 0.000000 0.000000 0.000000 0.000000 0.000000
-1.416399 0.999995 -21.416399 0.000000 0.000000 0.000000 0.706012 0.003093 0.706012 0.000000 0.000000 0.000000 0.000000 0.000000 0.000000 0.000000
-1.380660 0.998900 -21.380660 0.000000 0.000000 0.000000 0.723495 -0.046889 0.723495 0.000000 0.000000 0.000000 0.000000 0.000000 0.000000 0.000000
-1.344057 0.995308 -21.344057 0.000000 0.000000 0.000000 0.740525 -0.096755 0.740525 0.000000 0.000000 0.000000 0.000000 0.000000 0.000000 0.000000
-1.306615 0.989229 -21.306615 0.000000 0.000000 0.000000 0.757093 -0.146379 0.757093 0.000000 0.000000 0.000000 0.000000 0.000000 0.000000 0.000000
-1.268356 0.980676 -21.268356 0.000000 0.000000 0.000000 0.773187 -0.195637 0.773187 0.000000 0.000000 0.000000 0.000000 0.000000 0.000000 0.000000
-1.229304 0.969673 -21.229304 0.000000 0.000000 0.000000 0.788798 -0.244405 0.788798 0.000000 0.000000 0.000000 0.000000 0.000000 0.000000 0.000000
-1.189484 0.956246 -21.189484 0.000000 0.000000 0.000000 0.803917 -0.292563 0.803917 0.000000 0.000000 0.000000 0.000000 0.000000 0.000000 0.000000
-1.148921 0.940429 -21.148921 0.000000 0.000000 0.000000 0.818532 -0.339990 0.818532 0.000000 0.000000 0.000000 0.000000 0.000000 0.000000 0.000000
-1.107640 0.922261 -21.107640 0.000000 0.000000 0.000000 0.832637 -0.386567 0.832637 0.000000 0.000000 0.000000 0.000000 0.000000 0.000000 0.000000
-1.065666 0.901788 -21.065666 0.000000 0.000000 0.000000 0.846220 -0.432178 0.846220 0.000000 0.000000 0.000000 0.000000 0.000000 0.000000 0.000000
-1.023026 0.879061 -21.023026 0.000000 0.000000 0.000000 0.859275 -0.476708 0.859275 0.000000 0.000000 0.000000 0.000000 0.000000 0.000000 0.000000
-0.979747 0.854137 -20.979747 0.000000 0.000000 0.000000 0.871793 -0.520047 0.871793 0.000000 0.000000 0.000000 0.000000 0.000000 0.000000 0.000000
-0.935856 0.827078 -20.935856 0.000000 0.000000 0.000000 0.883767 -0.562087 0.883767 0.000000 0.000000 0.000000 0.000000 0.000000 0.000000 0.000000
-0.891380 0.797952 -20.891380 0.000000 0.000000 0.000000 0.895187 -0.602721 0.895187 0.000000 0.000000 0.000000 0.000000 0.000000 0.000000 0.000000
-0.846347 0.766831 -20.846347 0.000000 0.000000 0.000000 0.906049 -0.641849 0.906049 0.000000 0.000000 0.000000 0.000000 0.000000 0.000000 0.000000
-0.800785 0.733794 -20.800785 0.000000 0.000000 0.000000 0.916344 -0.679372 0.916344 0.000000 0.000000 0.000000 0.000000 0.000000 0.000000 0.000000
-0.754722 0.698922 -20.754722 0.000000 0.000000 0.000000 0.926066 -0.715197 0.926066 0.000000 0.000000 0.000000 0.000000 0.000000 0.000000 0.000000
-0.708188 0.662304 -20.708188 0.000000 0.000000 0.000000 0.935210 -0.749235 0.935210 0.000000 0.000000 0.000000 0.000000 0.000000 0.000000 0.000000
-0.661211 0.624030 -20.661211 0.000000 0.000000 0.000000 0.943769 -0.781400 0.943769 0.000000 0.000000 0.000000 0.000000 0.000000 0.000000 0.000000
-0.613821 0.584197 -20.613821 0.000000 0.000000 0.000000 0.951738 -0.811612 0.951738 0.000000 0.000000 0.000000 0.000000 0.000000 0.000000 0.000000
-0.566047 0.542903 -20.566047 0.000000 0.000000 0.000000 0.959113 -0.839796 0.959113 0.000000 0.000000 0.000000 0.000000 0.000000 0.000000 0.000000
-0.517919 0.500252 -20.517919 0.000000 0.000000 0.000000 0.965888 -0.865880 0.965888 0.000000 0.000000 0.000000 0.000000 0.000000 0.000000 0.000000
-0.469468 0.456351 -20.469468 0.000000 0.000000 0.000000 0.972060 -0.889800 0.972060 0.000000 0.000000 0.000000 0.000000 0.000000 0.000000 0.000000
-0.420723 0.411309 -20.420723 0.000000 0.000000 0.000000 0.977624 -0.911496 0.977624 0.000000 0.000000 0.000000 0.000000 0.000000 0.000000 0.000000
-0.371716 0.365239 -20.371716 0.000000 0.000000 0.000000 0.982577 -0.930914 0.982577 0.000000 0.000000 0.000000 0.000000 0.000000 0.000000 0.000000
-0.322476 0.318257 -20.322476 0.000000 0.000000 0.000000 0.986916 -0.948005 0.986916 0.000000 0.000000 0.000000 0.000000 0.000000 0.000000 0.000000
-0.273035 0.270478 -20.273035 0.000000 0.000000 0.000000 0.990638 -0.962726 0.990638 0.000000 0.000000 0.000000 0.000000 0.000000 0.000000 0.000000
-0.223422 0.222024 -20.223422 0.000000 0.000000 0.000000 0.993741 -0.975041 0.993741 0.000000 0.000000 0.000000 0.000000 0.000000 0.000000 0.000000
-0.173671 0.173015 -20.173671 0.000000 0.000000 0.000000 0.996223 -0.984919 0.996223 0.000000 0.000000 0.000000 0.000000 0.000000 0.000000 0.000000
-0.123811 0.123573 -20.123811 0.000000 0.000000 0.000000 0.998082 -0.992335 0.998082 0.000000 0.000000 0.000000 0.000000 0.000000 0.000000 0.000000
-0.073873 0.073823 -20.073873 0.000000 0.000000 0.000000 0.999318 -0.997271 0.999318 0.000000 0.000000 0.000000 0.000000 0.000000 0.000000 0.000000
-0.023889 0.023888 -20.023889 0.000000 0.000000 0.000000 0.999929 -0.999715 0.999929 0.000000 0.000000 0.000000 0.000000 0.000000 0.000000 0.000000
0.026109 -0.026107 -19.973891 0.000000 0.000000 0.000000 0.999915 -0.999659 0.999915 0.000000 0.000000 0.000000 0.000000 0.000000 0.000000 0.000000
0.076092 -0.076037 -19.923908 0.000000 0.000000 0.000000 0.999276 -0.997105 0.999276 0.000000 0.000000 0.000000 0.000000 0.000000 0.000000 0.000000
0.126027 -0.125776 -19.873973 0.000000 0.000000 0.000000 0.998013 -0.992059 0.998013 0.000000 0.000000 0.000000 0.000000 0.000000 0.000000 0.000000
0.175883 -0.175201 -19.824117 0.000000 0.000000 0.000000 0.996126 -0.984533 0.996126 0.000000 0.000000 0.000000 0.000000 0.000000 0.000000 0.000000
0.225629 -0.224188 -19.774371 0.000000 0.000000 0.000000 0.993616 -0.974546 0.993616 0.000000 0.000000 0.000000 0.000000 0.000000 0.000000 0.000000
0.275234 -0.272615 -19.724766 0.000000 0.000000 0.000000 0.990486 -0.962123 0.990486 0.000000 0.000000 0.000000 0.000000 0.000000 0.000000 0.000000
0.324667 -0.320361 -19.675333 0.000000 0.000000 0.000000 0.986736 -0.947296 0.986736 0.000000 0.000000 0.000000 0.000000 0.000000 0.000000 0.000000
0.373897 -0.367305 -19.626103 0.000000 0.000000 0.000000 0.982370 -0.930100 0.982370 0.000000 0.000000 0.000000 0.000000 0.000000 0.000000 0.000000
0.422894 -0.413332 -19.577106 0.000000 0.000000 0.000000 0.977389 -0.910580 0.977389 0.000000 0.000000 0.000000 0.000000 0.000000 0.000000 0.000000
0.471626 -0.458325 -19.528374 0.000000 0.000000 0.000000 0.971798 -0.888784 0.971798 0.000000 0.000000 0.000000 0.000000 0.000000 0.000000 0.000000
0.520064 -0.502173 -19.479936 0.000000 0.000000 0.000000 0.965600 -0.864767 0.965600 0.000000 0.000000 0.000000 0.000000 0.000000 0.000000 0.000000
0.568176 -0.544766 -19.431824 0.000000 0.000000 0.000000 0.958798 -0.838588 0.958798 0.000000 0.000000 0.000000 0.000000 0.000000 0.000000 0.000000
0.615933 -0.585997 -19.384067 0.000000 0.000000 0.000000 0.951397 -0.810313 0.951397 0.000000 0.000000 0.000000 0.000000 0.000000 0.000000 0.000000
0.663306 -0.625764 -19.336694 0.000000 0.000000 0.000000 0.943401 -0.780013 0.943401 0.000000 0.000000 0.000000 0.000000 0.000000 0.000000 0.000000
0.710264 -0.663966 -19.289736 0.000000 0.000000 0.000000 0.934816 -0.747763 0.934816 0.000000 0.000000 0.000000 0.000000 0.000000 0.000000 0.000000
0.756778 -0.700509 -19.243222 0.000000 0.000000 0.000000 0.925647 -0.713644 0.925647 0.000000 0.000000 0.000000 0.000000 0.000000 0.000000 0.000000
0.802819 -0.735301 -19.197181 0.000000 0.000000 0.000000 0.915899 -0.677741 0.915899 0.000000 0.000000 0.000000 0.000000 0.000000 0.000000 0.000000
0.848358 -0.768255 -19.151642 0.000000 0.000000 0.000000 0.905578 -0.640144 0.905578 0.000000 0.000000 0.000000 0.000000 0.000000 0.000000 0.000000
0.893367 -0.799288 -19.106633 0.000000 0.000000 0.000000 0.894692 -0.600948 0.894692 0.000000 0.000000 0.000000 0.000000 0.000000 0.000000 0.000000
0.937818 -0.828324 -19.062182 0.000000 0.000000 0.000000 0.883247 -0.560249 0.883247 0.000000 0.000000 0.000000 0.000000 0.000000 0.000000 0.000000
0.981683 -0.855290 -19.018317 0.000000 0.000000 0.000000 0.871249 -0.518150 0.871249 0.000000 0.000000 0.000000 0.000000 0.000000 0.000000 0.000000
1.024934 -0.880118 -18.975066 0.000000 0.000000 0.000000 0.858707 -0.474755 0.858707 0.000000 0.000000 0.000000 0.000000 0.000000 0.000000 0.000000
1.067544 -0.902746 -18.932456 0.000000 0.000000 0.000000 0.845628 -0.430175 0.845628 0.000000 0.000000 0.000000 0.000000 0.000000 0.000000 0.000000
1.109488 -0.923117 -18.890512 0.000000 0.000000 0.000000 0.832021 -0.384518 0.832021 0.000000 0.000000 0.000000 0.000000 0.000000 0.000000 0.000000
1.150738 -0.941182 -18.849262 0.000000 0.000000 0.000000 0.817894 -0.337901 0.817894 0.000000 0.000000 0.000000 0.000000 0.000000 0.000000 0.000000
1.191269 -0.956893 -18.808731 0.000000 0.000000 0.000000 0.803256 -0.290440 0.803256 0.000000 0.000000 0.000000 0.000000 0.000000 0.000000 0.000000
1.231055 -0.970213 -18.768945 0.000000 0.000000 0.000000 0.788115 -0.242252 0.788115 0.000000 0.000000 0.000000 0.000000 0.000000 0.000000 0.000000
1.270072 -0.981108 -18.729928 0.000000 0.000000 0.000000 0.772483 -0.193459 0.772483 0.000000 0.000000 0.000000 0.000000 0.000000 0.000000 0.000000
1.308295 -0.989551 -18.691705 0.000000 0.000000 0.000000 0.756367 -0.144182 0.756367 0.000000 0.000000 0.000000 0.000000 0.000000 0.000000 0.000000
1.345701 -0.995521 -18.654299 0.000000 0.000000 0.000000 0.739779 -0.094545 0.739779 0.000000 0.000000 0.000000 0.000000 0.000000 0.000000 0.000000
1.382265 -0.999002 -18.617735 0.000000 0.000000 0.000000 0.722728 -0.044671 0.722728 0.000000 0.000000 0.000000 0.000000 0.000000 0.000000 0.000000
1.417966 -0.999986 -18.582034 0.000000 0.000000 0.000000 0.705226 0.005314 0.705226 0.000000 0.000000 0.000000 0.000000 0.000000 0.000000 0.000000
1.452781 -0.998471 -18.547219 0.000000 0.000000 0.000000 0.687282 0.055286 0.687282 0.000000 0.000000 0.000000 0.000000 0.000000 0.000000 0.000000
1.486687 -0.994460 -18.513313 0.000000 0.000000 0.000000 0.668910 0.105119 0.668910 0.000000 0.000000 0.000000 0.000000 0.000000 0.000000 0.000000
1.519665 -0.987963 -18.480335 0.000000 0.000000 0.000000 0.650119 0.154690 0.650119 0.000000 0.000000 0.000000 0.000000 0.000000 0.000000 0.000000
1.551692 -0.978997 -18.448308 0.000000 0.000000 0.000000 0.630922 0.203874 0.630922 0.000000 0.000000 0.000000 0.000000 0.000000 0.000000 0.000000
1.582750 -0.967584 -18.417250 0.000000 0.000000 0.000000 0.611331 0.252549 0.611331 0.000000 0.000000 0.000000 0.000000 0.000000 0.000000 0.000000
1.612819 -0.953753 -18.387181 0.000000 0.000000 0.000000 0.591358 0.300593 0.591358 0.000000 0.000000 0.000000 0.000000 0.000000 0.000000 0.000000
1.641880 -0.937537 -18.358120 0.000000 0.000000 0.000000 0.571015 0.347885 0.571015 0.000000 0.000000 0.000000 0.000000 0.000000 0.000000 0.000000
1.669915 -0.918979 -18.330085 0.000000 0.000000 0.000000 0.550315 0.394307 0.550315 0.000000 0.000000 0.000000 0.000000 0.000000 0.000000 0.000000
1.696906 -0.898123 -18.303094 0.000000 0.000000 0.000000 0.529271 0.439744 0.529271 0.000000 0.000000 0.000000 0.000000 0.000000 0.000000 0.000000
1.722836 -0.875023 -18.277164 0.000000 0.000000 0.000000 0.507897 0.484082 0.507897 0.000000 0.000000 0.000000 0.000000 0.000000 0.000000 0.000000
1.747690 -0.849735 -18.252310 0.000000 0.000000 0.000000 0.486205 0.527210 0.486205 0.000000 0.000000 0.000000 0.000000 0.000000 0.000000 0.000000
1.771451 -0.822324 -18.228549 0.000000 0.000000 0.000000 0.464209 0.569020 0.464209 0.000000 0.000000 0.000000 0.000000 0.000000 0.000000 0.000000
1.794106 -0.792857 -18.205894 0.000000 0.000000 0.000000 0.441923 0.609408 0.441923 0.000000 0.000000 0.000000 0.000000 0.000000 0.000000 0.000000
1.815639 -0.761408 -18.184361 0.000000 0.000000 0.000000 0.419361 0.648273 0.419361 0.000000 0.000000 0.000000 0.000000 0.000000 0.000000 0.000000
1.836038 -0.728056 -18.163962 0.000000 0.000000 0.000000 0.396537 0.685517 0.396537 0.000000 0.000000 0.000000 0.000000 0.000000 0.000000 0.000000
1.855289 -0.692885 -18.144711 0.000000 0.000000 0.000000 0.373465 0.721048 0.373465 0.000000 0.000000 0.000000 0.000000 0.000000 0.000000 0.000000
1.873380 -0.655982 -18.126620 0.000000 0.000000 0.000000 0.350159 0.754777 0.350159 0.000000 0.000000 0.000000 0.000000 0.000000 0.000000 0.000000
1.890301 -0.617439 -18.109699 0.000000 0.000000 0.000000 0.326635 0.786619 0.326635 0.000000 0.000000 0.000000 0.000000 0.000000 0.000000 0.000000
1.906040 -0.577353 -18.093960 0.000000 0.000000 0.000000 0.302907 0.816495 0.302907 0.000000 0.000000 0.000000 0.000000 0.000000 0.000000 0.000000
1.920589 -0.535823 -18.079411 0.000000 0.000000 0.000000 0.278989 0.844330 0.278989 0.000000 0.000000 0.000000 0.000000 0.000000 0.000000 0.000000
1.933936 -0.492955 -18.066064 0.000000 0.000000 0.000000 0.254897 0.870055 0.254897 0.000000 0.000000 0.000000 0.000000 0.000000 0.000000 0.000000
1.946076 -0.448854 -18.053924 0.000000 0.000000 0.000000 0.230646 0.893605 0.230646 0.000000 0.000000 0.000000 0.000000 0.000000 0.000000 0.000000
1.956999 -0.403631 -18.043001 0.000000 0.000000 0.000000 0.206250 0.914922 0.206250 0.000000 0.000000 0.000000 0.000000 0.000000 0.000000 0.000000
1.966698 -0.357400 -18.033302 0.000000 0.000000 0.000000 0.181726 0.933951 0.181726 0.000000 0.000000 0.000000 0.000000 0.000000 0.000000 0.000000
1.975169 -0.310275 -18.024831 0.000000 0.000000 0.000000 0.157088 0.950647 0.157088 0.000000 0.000000 0.000000 0.000000 0.000000 0.000000 0.000000
1.982406 -0.262375 -18.017594 0.000000 0.000000 0.000000 0.132352 0.964966 0.132352 0.000000 0.000000 0.000000 0.000000 0.000000 0.000000 0.000000
1.988403 -0.213819 -18.011597 0.000000 0.000000 0.000000 0.107533 0.976873 0.107533 0.000000 0.000000 0.000000 0.000000 0.000000 0.000000 0.000000
1.993158 -0.164728 -18.006842 0.000000 0.000000 0.000000 0.082647 0.986339 0.082647 0.000000 0.000000 0.000000 0.000000 0.000000 0.000000 0.000000
1.996667 -0.115226 -18.003333 0.000000 0.000000 0.000000 0.057709 0.993339 0.057709 0.000000 0.000000 0.000000 0.000000 0.000000 0.000000 0.000000
1.998928 -0.065436 -18.001072 0.000000 0.000000 0.000000 0.032735 0.997857 0.032735 0.000000 0.000000 0.000000 0.000000 0.000000 0.000000 0.000000
1.999940 -0.015482 -18.000060 0.000000 0.000000 0.000000 0.007741 0.999880 0.007741 0.000000 0.000000 0.000000 0.000000 0.000000 0.000000 0.000000
1.999702 0.034511 -18.000298 0.000000 0.000000 0.000000 -0.017258 0.999404 -0.017258 0.000000 0.000000 0.000000 0.000000 0.000000 0.000000 0.000000
1.998214 0.084417 -18.001786 0.000000 0.000000 0.000000 -0.042246 0.996431 -0.042246 0.000000 0.000000 0.000000 0.000000 0.000000 0.000000 0.000000
1.995478 0.134112 -18.004522 0.000000 0.000000 0.000000 -0.067208 0.990966 -0.067208 0.000000 0.000000 0.000000 0.000000 0.000000 0.000000 0.000000
1.991494 0.183472 -18.008506 0.000000 0.000000 0.000000 -0.092128 0.983025 -0.092128 0.000000 0.000000 0.000000 0.000000 0.000000 0.000000 0.000000
1.986266 0.232374 -18.013734 0.000000 0.000000 0.000000 -0.116990 0.972627 -0.116990 0.000000 0.000000 0.000000 0.000000 0.000000 0.000000 0.000000
1.979797 0.280694 -18.020203 0.000000 0.000000 0.000000 -0.141779 0.959797 -0.141779 0.000000 0.000000 0.000000 0.000000 0.000000 0.000000 0.000000
1.972090 0.328313 -18.027910 0.000000 0.000000 0.000000 -0.166480 0.944569 -0.166480 0.000000 0.000000 0.000000 0.000000 0.000000 0.000000 0.000000
1.963150 0.375112 -18.036850 0.000000 0.000000 0.000000 -0.191077 0.926980 -0.191077 0.000000 0.000000 0.000000 0.000000 0.000000 0.000000 0.000000
1.952984 0.420973 -18.047016 0.000000 0.000000 0.000000 -0.215554 0.907073 -0.215554 0.000000 0.000000 0.000000 0.000000 0.000000 0.000000 0.000000
1.941597 0.465781 -18.058403 0.000000 0.000000 0.000000 -0.239896 0.884900 -0.239896 0.000000 0.000000 0.000000 0.000000 0.000000 0.000000 0.000000
1.928997 0.509426 -18.071003 0.000000 0.000000 0.000000 -0.264089 0.860515 -0.264089 0.000000 0.000000 0.000000 0.000000 0.000000 0.000000 0.000000
1.915191 0.551797 -18.084809 0.000000 0.000000 0.000000 -0.288116 0.833978 -0.288116 0.000000 0.000000 0.000000 0.000000 0.000000 0.000000 0.000000
1.900188 0.592789 -18.099812 0.000000 0.000000 0.000000 -0.311963 0.805358 -0.311963 0.000000 0.000000 0.000000 0.000000 0.000000 0.000000 0.000000
1.883998 0.632299 -18.116002 0.000000 0.000000 0.000000 -0.335616 0.774724 -0.335616 0.000000 0.000000 0.000000 0.000000 0.000000 0.000000 0.000000
1.866630 0.670229 -18.133370 0.000000 0.000000 0.000000 -0.359058 0.742154 -0.359058 0.000000 0.000000 0.000000 0.000000 0.000000 0.000000 0.000000
1.848096 0.706484 -18.151904 0.000000 0.000000 0.000000 -0.382277 0.707729 -0.382277 0.000000 0.000000 0.000000 0.000000 0.000000 0.000000 0.000000
1.828407 0.740973 -18.171593 0.000000 0.000000 0.000000 -0.405256 0.671535 -0.405256 0.000000 0.000000 0.000000 0.000000 0.000000 0.000000 0.000000
1.807575 0.773609 -18.192425 0.000000 0.000000 0.000000 -0.427982 0.633663 -0.427982 0.000000 0.000000 0.000000 0.000000 0.000000 0.000000 0.000000
1.785613 0.804312 -18.214387 0.000000 0.000000 0.000000 -0.450441 0.594207 -0.450441 0.000000 0.000000 0.000000 0.000000 0.000000 0.000000 0.000000
1.762535 0.833005 -18.237465 0.000000 0.000000 0.000000 -0.472618 0.553265 -0.472618 0.000000 0.000000 0.000000 0.000000 0.000000 0.000000 0.000000
1.738356 0.859616 -18.261644 0.000000 0.000000 0.000000 -0.494499 0.510941 -0.494499 0.000000 0.000000 0.000000 0.000000 0.000000 0.000000 0.000000
1.713090 0.884078 -18.286910 0.000000 0.000000 0.000000 -0.516072 0.467339 -0.516072 0.000000 0.000000 0.000000 0.000000 0.000000 0.000000 0.000000
1.686754 0.906330 -18.313246 0.000000 0.000000 0.000000 -0.537322 0.422570 -0.537322 0.000000 0.000000 0.000000 0.000000 0.000000 0.000000 0.000000
1.659364 0.926317 -18.340636 0.000000 0.000000 0.000000 -0.558237 0.376744 -0.558237 0.000000 0.000000 0.000000 0.000000 0.000000 0.000000 0.000000
1.630936 0.943989 -18.369064 0.000000 0.000000 0.000000 -0.578802 0.329977 -0.578802 0.000000 0.000000 0.000000 0.000000 0.000000 0.000000 0.000000
1.601490 0.959301 -18.398510 0.000000 0.000000 0.000000 -0.599006 0.282384 -0.599006 0.000000 0.000000 0.000000 0.000000 0.000000 0.000000 0.000000
1.571042 0.972216 -18.428958 0.000000 0.000000 0.000000 -0.618835 0.234086 -0.618835 0.000000 0.000000 0.000000 0.000000 0.000000 0.000000 0.000000
1.539613 0.982700 -18.460387 0.000000 0.000000 0.000000 -0.638278 0.185203 -0.638278 0.000000 0.000000 0.000000 0.000000 0.000000 0.000000 0.000000
1.507221 0.990728 -18.492779 0.000000 0.000000 0.000000 -0.657321 0.135857 -0.657321 0.000000 0.000000 0.000000 0.000000 0.000000 0.000000 0.000000
1.473887 0.996280 -18.526113 0.000000 0.000000 0.000000 -0.675954 0.086172 -0.675954 0.000000 0.000000 0.000000 0.000000 0.000000 0.000000 0.000000
1.439632 0.999342 -18.560368 0.000000 0.000000 0.000000 -0.694165 0.036271 -0.694165 0.000000 0.000000 0.000000 0.000000 0.000000 0.000000 0.000000
1.404478 0.999906 -18.595522 0.000000 0.000000 0.000000 -0.711941 -0.013721 -0.711941 0.000000 0.000000 0.000000 0.000000 0.000000 0.000000 0.000000
1.368446 0.997970 -18.631554 0.000000 0.000000 0.000000 -0.729273 -0.063678 -0.729273 0.000000 0.000000 0.000000 0.000000 0.000000 0.000000 0.000000
1.331558 0.993541 -18.668442 0.000000 0.000000 0.000000 -0.746149 -0.113476 -0.746149 0.000000 0.000000 0.000000 0.000000 0.000000 0.000000 0.000000
1.293839 0.986628 -18.706161 0.000000 0.000000 0.000000 -0.762558 -0.162991 -0.762558 0.000000 0.000000 0.000000 0.000000 0.000000 0.000000 0.000000
1.255310 0.977248 -18.744690 0.000000 0.000000 0.000000 -0.778491 -0.212098 -0.778491 0.000000 0.000000 0.000000 0.000000 0.000000 0.000000 0.000000
1.215998 0.965427 -18.784002 0.000000 0.000000 0.000000 -0.793938 -0.260675 -0.793938 0.000000 0.000000 0.000000 0.000000 0.000000 0.000000 0.000000
1.175925 0.951192 -18.824075 0.000000 0.000000 0.000000 -0.808888 -0.308600 -0.808888 0.000000 0.000000 0.000000 0.000000 0.000000 0.000000 0.000000
1.135117 0.934579 -18.864883 0.000000 0.000000 0.000000 -0.823333 -0.355754 -0.823333 0.000000 0.000000 0.000000 0.000000 0.000000 0.000000 0.000000
1.093600 0.915631 -18.906400 0.000000 0.000000 0.000000 -0.837263 -0.402019 -0.837263 0.000000 0.000000 0.000000 0.000000 0.000000 0.000000 0.000000
1.051400 0.894394 -18.948600 0.000000 0.000000 0.000000 -0.850670 -0.447279 -0.850670 0.000000 0.000000 0.000000 0.000000 0.000000 0.000000 0.000000
1.008542 0.870922 -18.991458 0.000000 0.000000 0.000000 -0.863545 -0.491422 -0.863545 0.000000 0.000000 0.000000 0.000000 0.000000 0.000000 0.000000
0.965054 0.845273 -19.034946 0.000000 0.000000 0.000000 -0.875881 -0.534335 -0.875881 0.000000 0.000000 0.000000 0.000000 0.000000 0.000000 0.000000
0.920963 0.817511 -19.079037 0.000000 0.000000 0.000000 -0.887669 -0.575914 -0.887669 0.000000 0.000000 0.000000 0.000000 0.000000 0.000000 0.000000
0.876296 0.787705 -19.123704 0.000000 0.000000 0.000000 -0.898903 -0.616052 -0.898903 0.000000 0.000000 0.000000 0.000000 0.000000 0.000000 0.000000
0.831082 0.755931 -19.168918 0.000000 0.000000 0.000000 -0.909574 -0.654651 -0.909574 0.000000 0.000000 0.000000 0.000000 0.000000 0.000000 0.000000
0.785348 0.722267 -19.214652 0.000000 0.000000 0.000000 -0.919678 -0.691614 -0.919678 0.000000 0.000000 0.000000 0.000000 0.000000 0.000000 0.000000
0.739124 0.686798 -19.260876 0.000000 0.000000 0.000000 -0.929206 -0.726848 -0.929206 0.000000 0.000000 0.000000 0.000000 0.000000 0.000000 0.000000
0.692437 0.649613 -19.307563 0.000000 0.000000 0.000000 -0.938154 -0.760265 -0.938154 0.000000 0.000000 0.000000 0.000000 0.000000 0.000000 0.000000
0.645318 0.610804 -19.354682 0.000000 0.000000 0.000000 -0.946515 -0.791782 -0.946515 0.000000 0.000000 0.000000 0.000000 0.000000 0.000000 0.000000
0.597796 0.570468 -19.402204 0.000000 0.000000 0.000000 -0.954285 -0.821320 -0.954285 0.000000 0.000000 0.000000 0.000000 0.000000 0.000000 0.000000
0.549900 0.528706 -19.450100 0.000000 0.000000 0.000000 -0.961459 -0.848805 -0.961459 0.000000 0.000000 0.000000 0.000000 0.000000 0.000000 0.000000
0.501660 0.485622 -19.498340 0.000000 0.000000 0.000000 -0.968031 -0.874169 -0.968031 0.000000 0.000000 0.000000 0.000000 0.000000 0.000000 0.000000
0.453107 0.441325 -19.546893 0.000000 0.000000 0.000000 -0.973999 -0.897347 -0.973999 0.000000 0.000000 0.000000 0.000000 0.000000 0.000000 0.000000
0.404270 0.395925 -19.595730 0.000000 0.000000 0.000000 -0.979358 -0.918283 -0.979358 0.000000 0.000000 0.000000 0.000000 0.000000 0.000000 0.000000
0.355181 0.349535 -19.644819 0.000000 0.000000 0.000000 -0.984104 -0.936923 -0.984104 0.000000 0.000000 0.000000 0.000000 0.000000 0.000000 0.000000
0.305870 0.302272 -19.694130 0.000000 0.000000 0.000000 -0.988236 -0.953222 -0.988236 0.000000 0.000000 0.000000 0.000000 0.000000 0.000000 0.000000
0.256368 0.254253 -19.743632 0.000000 0.000000 0.000000 -0.991750 -0.967138 -0.991750 0.000000 0.000000 0.000000 0.000000 0.000000 0.000000 0.000000
0.206705 0.205598 -19.793295 0.000000 0.000000 0.000000 -0.994645 -0.978636 -0.994645 0.000000 0.000000 0.000000 0.000000 0.000000 0.000000 0.000000
0.156914 0.156430 -19.843086 0.000000 0.000000 0.000000 -0.996918 -0.987689 -0.996918 0.000000 0.000000 0.000000 0.000000 0.000000 0.000000 0.000000
0.107024 0.106871 -19.892976 0.000000 0.000000 0.000000 -0.998567 -0.994273 -0.998567 0.000000 0.000000 0.000000 0.000000 0.000000 0.000000 0.000000
0.057067 0.057044 -19.942933 0.000000 0.000000 0.000000 -0.999593 -0.998372 -0.999593 0.000000 0.000000 0.000000 0.000000 0.000000 0.000000 0.000000
0.007075 0.007075 -19.992925 0.000000 0.000000 0.000000 -0.999994 -0.999975 -0.999994 0.000000 0.000000 0.000000 0.000000 0.000000 0.000000 0.000000
-0.042922 -0.042912 -20.042922 0.000000 0.000000 0.000000 -0.999770 -0.999079 -0.999770 0.000000 0.000000 0.000000 0.000000 0.000000 0.000000 0.000000
-0.092891 -0.092791 -20.092891 0.000000 0.000000 0.000000 -0.998921 -0.995686 -0.998921 0.000000 0.000000 0.000000 0.000000 0.000000 0.000000 0.000000
-0.142803 -0.142439 -20.142803 0.000000 0.000000 0.000000 -0.997448 -0.989804 -0.997448 0.000000 0.000000 0.000000 0.000000 0.000000 0.000000 0.000000
-0.192626 -0.191730 -20.192626 0.000000 0.000000 0.000000 -0.995351 -0.981448 -0.995351 0.000000 0.000000 0.000000 0.000000 0.000000 0.000000 0.000000
-0.242328 -0.240543 -20.242328 0.000000 0.000000 0.000000 -0.992633 -0.970639 -0.992633 0.000000 0.000000 0.000000 0.000000 0.000000 0.000000 0.000000
-0.291879 -0.288754 -20.291879 0.000000 0.000000 0.000000 -0.989294 -0.957403 -0.989294 0.000000 0.000000 0.000000 0.000000 0.000000 0.000000 0.000000
-0.341247 -0.336243 -20.341247 0.000000 0.000000 0.000000 -0.985336 -0.941775 -0.985336 0.000000 0.000000 0.000000 0.000000 0.000000 0.000000 0.000000
-0.390402 -0.382892 -20.390402 0.000000 0.000000 0.000000 -0.980763 -0.923793 -0.980763 0.000000 0.000000 0.000000 0.000000 0.000000 0.000000 0.000000
-0.439313 -0.428584 -20.439313 0.000000 0.000000 0.000000 -0.975577 -0.903502 -0.975577 0.000000 0.000000 0.000000 0.000000 0.000000 0.000000 0.000000
-0.487950 -0.473205 -20.487950 0.000000 0.000000 0.000000 -0.969782 -0.880953 -0.969782 0.000000 0.000000 0.000000 0.000000 0.000000 0.000000 0.000000
-0.536281 -0.516642 -20.536281 0.000000 0.000000 0.000000 -0.963380 -0.856201 -0.963380 0.000000 0.000000 0.000000 0.000000 0.000000 0.000000 0.000000
-0.584278 -0.558789 -20.584278 0.000000 0.000000 0.000000 -0.956376 -0.829310 -0.956376 0.000000 0.000000 0.000000 0.000000 0.000000 0.000000 0.000000
-0.631909 -0.599539 -20.631909 0.000000 0.000000 0.000000 -0.948774 -0.800346 -0.948774 0.000000 0.000000 0.000000 0.000000 0.000000 0.000000 0.000000
-0.679145 -0.638790 -20.679145 0.000000 0.000000 0.000000 -0.940580 -0.769381 -0.940580 0.000000 0.000000 0.000000 0.000000 0.000000 0.000000 0.000000
-0.725957 -0.676445 -20.725957 0.000000 0.000000 0.000000 -0.931798 -0.736493 -0.931798 0.000000 0.000000 0.000000 0.000000 0.000000 0.000000 0.000000
-0.772315 -0.712409 -20.772315 0.000000 0.000000 0.000000 -0.922433 -0.701765 -0.922433 0.000000 0.000000 0.000000 0.000000 0.000000 0.000000 0.000000
-0.818191 -0.746592 -20.818191 0.000000 0.000000 0.000000 -0.912492 -0.665282 -0.912492 0.000000 0.000000 0.000000 0.000000 0.000000 0.000000 0.000000
-0.863555 -0.778909 -20.863555 0.000000 0.000000 0.000000 -0.901980 -0.627136 -0.901980 0.000000 0.000000 0.000000 0.000000 0.000000 0.000000 0.000000
-0.908379 -0.809280 -20.908379 0.000000 0.000000 0.000000 -0.890905 -0.587423 -0.890905 0.000000 0.000000 0.000000 0.000000 0.000000 0.000000 0.000000
-0.952636 -0.837627 -20.952636 0.000000 0.000000 0.000000 -0.879273 -0.546242 -0.879273 0.000000 0.000000 0.000000 0.000000 0.000000 0.000000 0.000000
-0.996297 -0.863881 -20.996297 0.000000 0.000000 0.000000 -0.867092 -0.503696 -0.867092 0.000000 0.000000 0.000000 0.000000 0.000000 0.000000 0.000000
-1.039336 -0.887976 -21.039336 0.000000 0.000000 0.000000 -0.854368 -0.459890 -0.854368 0.000000 0.000000 0.000000 0.000000 0.000000 0.000000 0.000000
-1.081725 -0.909851 -21.081725 0.000000 0.000000 0.000000 -0.841111 -0.414935 -0.841111 0.000000 0.000000 0.000000 0.000000 0.000000 0.000000 0.000000
-1.123439 -0.929452 -21.123439 0.000000 0.000000 0.000000 -0.827328 -0.368943 -0.827328 0.000000 0.000000 0.000000 0.000000 0.000000 0.000000 0.000000
-1.164450 -0.946730 -21.164450 0.000000 0.000000 0.000000 -0.813028 -0.322029 -0.813028 0.000000 0.000000 0.000000 0.000000 0.000000 0.000000 0.000000
-1.204733 -0.961642 -21.204733 0.000000 0.000000 0.000000 -0.798220 -0.274309 -0.798220 0.000000 0.000000 0.000000 0.000000 0.000000 0.000000 0.000000
-1.244263 -0.974149 -21.244263 0.000000 0.000000 0.000000 -0.782913 -0.225904 -0.782913 0.000000 0.000000 0.000000 0.000000 0.000000 0.000000 0.000000
-1.283016 -0.984223 -21.283016 0.000000 0.000000 0.000000 -0.767116 -0.176935 -0.767116 0.000000 0.000000 0.000000 0.000000 0.000000 0.000000 0.000000
-1.320967 -0.991836 -21.320967 0.000000 0.000000 0.000000 -0.750841 -0.127523 -0.750841 0.000000 0.000000 0.000000 0.000000 0.000000 0.000000 0.000000
-1.358092 -0.996970 -21.358092 0.000000 0.000000 0.000000 -0.734096 -0.077793 -0.734096 0.000000 0.000000 0.000000 0.000000 0.000000 0.000000 0.000000
-1.394369 -0.999612 -21.394369 0.000000 0.000000 0.000000 -0.716892 -0.027868 -0.716892 0.000000 0.000000 0.000000 0.000000 0.000000 0.000000 0.000000
-1.429774 -0.999755 -21.429774 0.000000 0.000000 0.000000 -0.699240 0.022127 -0.699240 0.000000 0.000000 0.000000 0.000000 0.000000 0.000000 0.000000
-1.464286 -0.997400 -21.464286 0.000000 0.000000 0.000000 -0.681151 0.072066 -0.681151 0.000000 0.000000 0.000000 0.000000 0.000000 0.000000 0.000000
-1.497882 -0.992552 -21.497882 0.000000 0.000000 0.000000 -0.662637 0.121825 -0.662637 0.000000 0.000000 0.000000 0.000000 0.000000 0.000000 0.000000
-1.530542 -0.985222 -21.530542 0.000000 0.000000 0.000000 -0.643708 0.171280 -0.643708 0.000000 0.000000 0.000000 0.000000 0.000000 0.000000 0.000000
-1.562246 -0.975431 -21.562246 0.000000 0.000000 0.000000 -0.624377 0.220306 -0.624377 0.000000 0.000000 0.000000 0.000000 0.000000 0.000000 0.000000
-1.592973 -0.963201 -21.592973 0.000000 0.000000 0.000000 -0.604656 0.268782 -0.604656 0.000000 0.000000 0.000000 0.000000 0.000000 0.000000 0.000000
-1.622705 -0.948564 -21.622705 0.000000 0.000000 0.000000 -0.584557 0.316586 -0.584557 0.000000 0.000000 0.000000 0.000000 0.000000 0.000000 0.000000
-1.651423 -0.931556 -21.651423 0.000000 0.000000 0.000000 -0.564093 0.363599 -0.564093 0.000000 0.000000 0.000000 0.000000 0.000000 0.000000 0.000000
-1.679109 -0.912219 -21.679109 0.000000 0.000000 0.000000 -0.543276 0.409703 -0.543276 0.000000 0.000000 0.000000 0.000000 0.000000 0.000000 0.000000
-1.705745 -0.890602 -21.705745 0.000000 0.000000 0.000000 -0.522119 0.454783 -0.522119 0.000000 0.000000 0.000000 0.000000 0.000000 0.000000 0.000000
-1.731315 -0.866760 -21.731315 0.000000 0.000000 0.000000 -0.500636 0.498726 -0.500636 0.000000 0.000000 0.000000 0.000000 0.000000 0.000000 0.000000
-1.755803 -0.840750 -21.755803 0.000000 0.000000 0.000000 -0.478841 0.541423 -0.478841 0.000000 0.000000 0.000000 0.000000 0.000000 0.000000 0.000000
-1.779194 -0.812640 -21.779194 0.000000 0.000000 0.000000 -0.456746 0.582766 -0.456746 0.000000 0.000000 0.000000 0.000000 0.000000 0.000000 0.000000
-1.801473 -0.782498 -21.801473 0.000000 0.000000 0.000000 -0.434366 0.622653 -0.434366 0.000000 0.000000 0.000000 0.000000 0.000000 0.000000 0.000000
-1.822626 -0.750400 -21.822626 0.000000 0.000000 0.000000 -0.411714 0.660983 -0.411714 0.000000 0.000000 0.000000 0.000000 0.000000 0.000000 0.000000
-1.842640 -0.716427 -21.842640 0.000000 0.000000 0.000000 -0.388805 0.697662 -0.388805 0.000000 0.000000 0.000000 0.000000 0.000000 0.000000 0.000000
-1.861503 -0.680663 -21.861503 0.000000 0.000000 0.000000 -0.365653 0.732596 -0.365653 0.000000 0.000000 0.000000 0.000000 0.000000 0.000000 0.000000
-1.879202 -0.643198 -21.879202 0.000000 0.000000 0.000000 -0.342272 0.765700 -0.342272 0.000000 0.000000 0.000000 0.000000 0.000000 0.000000 0.000000
-1.895726 -0.604125 -21.895726 0.000000 0.000000 0.000000 -0.318677 0.796889 -0.318677 0.000000 0.000000 0.000000 0.000000 0.000000 0.000000 0.000000
-1.911066 -0.563542 -21.911066 0.000000 0.000000 0.000000 -0.294884 0.826087 -0.294884 0.000000 0.000000 0.000000 0.000000 0.000000 0.000000 0.000000
-1.925212 -0.521551 -21.925212 0.000000 0.000000 0.000000 -0.270906 0.853220 -0.270906 0.000000 0.000000 0.000000 0.000000 0.000000 0.000000 0.000000
-1.938154 -0.478256 -21.938154 0.000000 0.000000 0.000000 -0.246758 0.878220 -0.246758 0.000000 0.000000 0.000000 0.000000 0.000000 0.000000 0.000000
-1.949885 -0.433766 -21.949885 0.000000 0.000000 0.000000 -0.222457 0.901026 -0.222457 0.000000 0.000000 0.000000 0.000000 0.000000 0.000000 0.000000
-1.960397 -0.388191 -21.960397 0.000000 0.000000 0.000000 -0.198016 0.921579 -0.198016 0.000000 0.000000 0.000000 0.000000 0.000000 0.000000 0.000000
-1.969685 -0.341646 -21.969685 0.000000 0.000000 0.000000 -0.173452 0.939829 -0.173452 0.000000 0.000000 0.000000 0.000000 0.000000 0.000000 0.000000
-1.977741 -0.294247 -21.977741 0.000000 0.000000 0.000000 -0.148779 0.955729 -0.148779 0.000000 0.000000 0.000000 0.000000 0.000000 0.000000 0.000000
-1.984561 -0.246113 -21.984561 0.000000 0.000000 0.000000 -0.124014 0.969241 -0.124014 0.000000 0.000000 0.000000 0.000000 0.000000 0.000000 0.000000
-1.990141 -0.197363 -21.990141 0.000000 0.000000 0.000000 -0.099171 0.980330 -0.099171 0.000000 0.000000 0.000000 0.000000 0.000000 0.000000 0.000000
-1.994477 -0.148121 -21.994477 0.000000 0.000000 0.000000 -0.074265 0.988969 -0.074265 0.000000 0.000000 0.000000 0.000000 0.000000 0.000000 0.000000
-1.997567 -0.098508 -21.997567 0.000000 0.000000 0.000000 -0.049314 0.995136 -0.049314 0.000000 0.000000 0.000000 0.000000 0.000000 0.000000 0.000000
-1.999408 -0.048649 -21.999408 0.000000 0.000000 0.000000 -0.024331 0.998816 -0.024331 0.000000 0.000000 0.000000 0.000000 0.000000 0.000000 0.000000
-2.000000 0.001332 -22.000000 0.000000 0.000000 0.000000 0.000666 0.999999 0.000666 0.000000 0.000000 0.000000 0.000000 0.000000 0.000000 0.000000
-1.999341 0.051310 -21.999341 0.000000 0.000000 0.000000 0.025663 0.998683 0.025663 0.000000 0.000000 0.000000 0.000000 0.000000 0.000000 0.000000
-1.997433 0.101159 -21.997433 0.000000 0.000000 0.000000 0.050644 0.994870 0.050644 0.000000 0.000000 0.000000 0.000000 0.000000 0.000000 0.000000
-1.994277 0.150755 -21.994277 0.000000 0.000000 0.000000 0.075594 0.988571 0.075594 0.000000 0.000000 0.000000 0.000000 0.000000 0.000000 0.000000
-1.989875 0.199975 -21.989875 0.000000 0.000000 0.000000 0.100496 0.979801 0.100496 0.000000 0.000000 0.000000 0.000000 0.000000 0.000000 0.000000
-1.984229 0.248695 -21.984229 0.000000 0.000000 0.000000 0.125336 0.968582 0.125336 0.000000 0.000000 0.000000 0.000000 0.000000 0.000000 0.000000
-1.977343 0.296793 -21.977343 0.000000 0.000000 0.000000 0.150097 0.954942 0.150097 0.000000 0.000000 0.000000 0.000000 0.000000 0.000000 0.000000
-1.969221 0.344149 -21.969221 0.000000 0.000000 0.000000 0.174764 0.938915 0.174764 0.000000 0.000000 0.000000 0.000000 0.000000 0.000000 0.000000
-1.959868 0.390645 -21.959868 0.000000 0.000000 0.000000 0.199322 0.920541 0.199322 0.000000 0.000000 0.000000 0.000000 0.000000 0.000000 0.000000
-1.949291 0.436165 -21.949291 0.000000 0.000000 0.000000 0.223756 0.899867 0.223756 0.000000 0.000000 0.000000 0.000000 0.000000 0.000000 0.000000
-1.937495 0.480594 -21.937495 0.000000 0.000000 0.000000 0.248049 0.876943 0.248049 0.000000 0.000000 0.000000 0.000000 0.000000 0.000000 0.000000
-1.924488 0.523823 -21.924488 0.000000 0.000000 0.000000 0.272188 0.851827 0.272188 0.000000 0.000000 0.000000 0.000000 0.000000 0.000000 0.000000
-1.910279 0.565742 -21.910279 0.000000 0.000000 0.000000 0.296157 0.824583 0.296157 0.000000 0.000000 0.000000 0.000000 0.000000 0.000000 0.000000
-1.894876 0.606246 -21.894876 0.000000 0.000000 0.000000 0.319940 0.795277 0.319940 0.000000 0.000000 0.000000 0.000000 0.000000 0.000000 0.000000
-1.878288 0.645236 -21.878288 0.000000 0.000000 0.000000 0.343523 0.763983 0.343523 0.000000 0.000000 0.000000 0.000000 0.000000 0.000000 0.000000
-1.860527 0.682613 -21.860527 0.000000 0.000000 0.000000 0.366892 0.730780 0.366892 0.000000 0.000000 0.000000 0.000000 0.000000 0.000000 0.000000
-1.841603 0.718284 -21.841603 0.000000 0.000000 0.000000 0.390032 0.695750 0.390032 0.000000 0.000000 0.000000 0.000000 0.000000 0.000000 0.000000
-1.821528 0.752159 -21.821528 0.000000 0.000000 0.000000 0.412928 0.658982 0.412928 0.000000 0.000000 0.000000 0.000000 0.000000 0.000000 0.000000
-1.800314 0.784154 -21.800314 0.000000 0.000000 0.000000 0.435565 0.620566 0.435565 0.000000 0.000000 0.000000 0.000000 0.000000 0.000000 0.000000
-1.777976 0.814190 -21.777976 0.000000 0.000000 0.000000 0.457931 0.580599 0.457931 0.000000 0.000000 0.000000 0.000000 0.000000 0.000000 0.000000
-1.754526 0.842190 -21.754526 0.000000 0.000000 0.000000 0.480010 0.539181 0.480010 0.000000 0.000000 0.000000 0.000000 0.000000 0.000000 0.000000
-1.729980 0.868085 -21.729980 0.000000 0.000000 0.000000 0.501789 0.496415 0.501789 0.000000 0.000000 0.000000 0.000000 0.000000 0.000000 0.000000
-1.704352 0.891811 -21.704352 0.000000 0.000000 0.000000 0.523255 0.452408 0.523255 0.000000 0.000000 0.000000 0.000000 0.000000 0.000000 0.000000
-1.677660 0.913307 -21.677660 0.000000 0.000000 0.000000 0.544394 0.407271 0.544394 0.000000 0.000000 0.000000 0.000000 0.000000 0.000000 0.000000
-1.649919 0.932521 -21.649919 0.000000 0.000000 0.000000 0.565192 0.361116 0.565192 0.000000 0.000000 0.000000 0.000000 0.000000 0.000000 0.000000
-1.621146 0.949404 -21.621146 0.000000 0.000000 0.000000 0.585637 0.314058 0.585637 0.000000 0.000000 0.000000 0.000000 0.000000 0.000000 0.000000
-1.591361 0.963914 -21.591361 0.000000 0.000000 0.000000 0.605717 0.266215 0.605717 0.000000 0.000000 0.000000 0.000000 0.000000 0.000000 0.000000
-1.560581 0.976014 -21.560581 0.000000 0.000000 0.000000 0.625417 0.217707 0.625417 0.000000 0.000000 0.000000 0.000000 0.000000 0.000000 0.000000
-1.528826 0.985675 -21.528826 0.000000 0.000000 0.000000 0.644727 0.168654 0.644727 0.000000 0.000000 0.000000 0.000000 0.000000 0.000000 0.000000
-1.496115 0.992873 -21.496115 0.000000 0.000000 0.000000 0.663634 0.119180 0.663634 0.000000 0.000000 0.000000 0.000000 0.000000 0.000000 0.000000
-1.462469 0.997588 -21.462469 0.000000 0.000000 0.000000 0.682126 0.069408 0.682126 0.000000 0.000000 0.000000 0.000000 0.000000 0.000000 0.000000
-1.427910 0.999811 -21.427910 0.000000 0.000000 0.000000 0.700192 0.019463 0.700192 0.000000 0.000000 0.000000 0.000000 0.000000 0.000000 0.000000
-1.392457 0.999534 -21.392457 0.000000 0.000000 0.000000 0.717820 -0.030531 0.717820 0.000000 0.000000 0.000000 0.000000 0.000000 0.000000 0.000000
-1.356135 0.996759 -21.356135 0.000000 0.000000 0.000000 0.735000 -0.080449 0.735000 0.000000 0.000000 0.000000 0.000000 0.000000 0.000000 0.000000
-1.318965 0.991492 -21.318965 0.000000 0.000000 0.000000 0.751720 -0.130166 0.751720 0.000000 0.000000 0.000000 0.000000 0.000000 0.000000 0.000000
-1.280971 0.983748 -21.280971 0.000000 0.000000 0.000000 0.767970 -0.179557 0.767970 0.000000 0.000000 0.000000 0.000000 0.000000 0.000000 0.000000
-1.242176 0.973544 -21.242176 0.000000 0.000000 0.000000 0.783741 -0.228499 0.783741 0.000000 0.000000 0.000000 0.000000 0.000000 0.000000 0.000000
-1.202605 0.960907 -21.202605 0.000000 0.000000 0.000000 0.799021 -0.276871 0.799021 0.000000 0.000000 0.000000 0.000000 0.000000 0.000000 0.000000
-1.162282 0.945869 -21.162282 0.000000 0.000000 0.000000 0.813803 -0.324550 0.813803 0.000000 0.000000 0.000000 0.000000 0.000000 0.000000 0.000000
-1.121233 0.928466 -21.121233 0.000000 0.000000 0.000000 0.828076 -0.371418 0.828076 0.000000 0.000000 0.000000 0.000000 0.000000 0.000000 0.000000
-1.079483 0.908742 -21.079483 0.000000 0.000000 0.000000 0.841831 -0.417358 0.841831 0.000000 0.000000 0.000000 0.000000 0.000000 0.000000 0.000000
-1.037059 0.886747 -21.037059 0.000000 0.000000 0.000000 0.855060 -0.462254 0.855060 0.000000 0.000000 0.000000 0.000000 0.000000 0.000000 0.000000
-0.993986 0.862536 -20.993986 0.000000 0.000000 0.000000 0.867754 -0.505996 0.867754 0.000000 0.000000 0.000000 0.000000 0.000000 0.000000 0.000000
-0.950292 0.836169 -20.950292 0.000000 0.000000 0.000000 0.879907 -0.548472 0.879907 0.000000 0.000000 0.000000 0.000000 0.000000 0.000000 0.000000
-0.906005 0.807712 -20.906005 0.000000 0.000000 0.000000 0.891509 -0.589578 0.891509 0.000000 0.000000 0.000000 0.000000 0.000000 0.000000 0.000000
-0.861151 0.777236 -20.861151 0.000000 0.000000 0.000000 0.902555 -0.629210 0.902555 0.000000 0.000000 0.000000 0.000000 0.000000 0.000000 0.000000
-0.815759 0.744817 -20.815759 0.000000 0.000000 0.000000 0.913036 -0.667269 0.913036 0.000000 0.000000 0.000000 0.000000 0.000000 0.000000 0.000000
-0.769857 0.710537 -20.769857 0.000000 0.000000 0.000000 0.922946 -0.703660 0.922946 0.000000 0.000000 0.000000 0.000000 0.000000 0.000000 0.000000
-0.723474 0.674480 -20.723474 0.000000 0.000000 0.000000 0.932280 -0.738293 0.932280 0.000000 0.000000 0.000000 0.000000 0.000000 0.000000 0.000000
-0.676638 0.636738 -20.676638 0.000000 0.000000 0.000000 0.941031 -0.771080 0.941031 0.000000 0.000000 0.000000 0.000000 0.000000 0.000000 0.000000
-0.629380 0.597404 -20.629380 0.000000 0.000000 0.000000 0.949194 -0.801940 0.949194 0.000000 0.000000 0.000000 0.000000 0.000000 0.000000 0.000000
-0.581729 0.556577 -20.581729 0.000000 0.000000 0.000000 0.956764 -0.830796 0.956764 0.000000 0.000000 0.000000 0.000000 0.000000 0.000000 0.000000
-0.533714 0.514359 -20.533714 0.000000 0.000000 0.000000 0.963736 -0.857575 0.963736 0.000000 0.000000 0.000000 0.000000 0.000000 0.000000 0.000000
-0.485365 0.470856 -20.485365 0.000000 0.000000 0.000000 0.970106 -0.882210 0.970106 0.000000 0.000000 0.000000 0.000000 0.000000 0.000000 0.000000
-0.436713 0.426175 -20.436713 0.000000 0.000000 0.000000 0.975869 -0.904641 0.975869 0.000000 0.000000 0.000000 0.000000 0.000000 0.000000 0.000000
-0.387789 0.380429 -20.387789 0.000000 0.000000 0.000000 0.981022 -0.924810 0.981022 0.000000 0.000000 0.000000 0.000000 0.000000 0.000000 0.000000
-0.338621 0.333733 -20.338621 0.000000 0.000000 0.000000 0.985563 -0.942668 0.985563 0.000000 0.000000 0.000000 0.000000 0.000000 0.000000 0.000000
-0.289243 0.286202 -20.289243 0.000000 0.000000 0.000000 0.989487 -0.958169 0.989487 0.000000 0.000000 0.000000 0.000000 0.000000 0.000000 0.000000
-0.239683 0.237956 -20.239683 0.000000 0.000000 0.000000 0.992793 -0.971276 0.992793 0.000000 0.000000 0.000000 0.000000 0.000000 0.000000 0.000000
-0.189974 0.189115 -20.189974 0.000000 0.000000 0.000000 0.995479 -0.981955 0.995479 0.000000 0.000000 0.000000 0.000000 0.000000 0.000000 0.000000
-0.140145 0.139801 -20.140145 0.000000 0.000000 0.000000 0.997542 -0.990180 0.997542 0.000000 0.000000 0.000000 0.000000 0.000000 0.000000 0.000000
-0.090230 0.090138 -20.090230 0.000000 0.000000 0.000000 0.998982 -0.995929 0.998982 0.000000 0.000000 0.000000 0.000000 0.000000 0.000000 0.000000
-0.040258 0.040250 -20.040258 0.000000 0.000000 0.000000 0.999797 -0.999190 0.999797 0.000000 0.000000 0.000000 0.000000 0.000000 0.000000 0.000000
0.009740 -0.009739 -19.990260 0.000000 0.000000 0.000000 0.999988 -0.999953 0.999988 0.000000 0.000000 0.000000 0.000000 0.000000 0.000000 0.000000
0.059731 -0.059704 -19.940269 0.000000 0.000000 0.000000 0.999554 -0.998216 0.999554 0.000000 0.000000 0.000000 0.000000 0.000000 0.000000 0.000000
0.109685 -0.109519 -19.890315 0.000000 0.000000 0.000000 0.998495 -0.993985 0.998495 0.000000 0.000000 0.000000 0.000000 0.000000 0.000000 0.000000
0.159570 -0.159061 -19.840430 0.000000 0.000000 0.000000 0.996812 -0.987269 0.996812 0.000000 0.000000 0.000000 0.000000 0.000000 0.000000 0.000000
0.209355 -0.208205 -19.790645 0.000000 0.000000 0.000000 0.994506 -0.978085 0.994506 0.000000 0.000000 0.000000 0.000000 0.000000 0.000000 0.000000
0.259010 -0.256829 -19.740990 0.000000 0.000000 0.000000 0.991579 -0.966457 0.991579 0.000000 0.000000 0.000000 0.000000 0.000000 0.000000 0.000000
0.308503 -0.304811 -19.691497 0.000000 0.000000 0.000000 0.988032 -0.952413 0.988032 0.000000 0.000000 0.000000 0.000000 0.000000 0.000000 0.000000
